,name_org,Organization - ID,url,employees
0,Diagonale,65508,www.linkedin.com/company/diagonale,Employés : 88
1,Dialiba Boubacar,65933,www.linkedin.com/company/epi-technologies,null
2,Dian Scania,92575,www.linkedin.com/company/dian-scania,Employés : 50
3,Dictador Rum,91609,www.linkedin.com/company/dictador-official,null
4,Dietrich Carebus Sa,92574,www.linkedin.com/company/dietrich-carebus-group,Employés : 43
5,Digitate,91471,www.linkedin.com/company/digitate-a-tcs-venture,Employés : 222
6,Digiteka,91718,www.linkedin.com/company/digiteka,null
7,Dirickx Groupe,49327,www.linkedin.com/company/dirickx,Employés : 187
8,Distech Controls!,81283,www.linkedin.com/company/distech-controls,Employés : 262
9,Dnca Finance,42876,www.linkedin.com/company/dnca-finance,Employés : 172
10,Dolist,90937,www.linkedin.com/company/dolist-net,Employés : 73
11,Domaine Faiveley,40336,www.linkedin.com/company/domaine-faiveley,Employés : 40
12,DONE BY DEER A/S,91134,www.linkedin.com/company/done-by-deer-a-s,Employés : 24
13,Doyen Auto France,91104,www.linkedin.com/company/doyen-auto,Employés : 186
14,Dragon Rouge,48608,www.linkedin.com/company/dragon-rouge,Employés : 327
15,Drawbotics,91558,www.linkedin.com/company/drawbotics,Employés : 25
16,Dropcontact,92387,www.linkedin.com/company/dropcontact.io,Employés : 12
17,Drover,91446,www.linkedin.com/company/10317311,Employés : 58
18,Dten,91386,www.linkedin.com/company/dten-global,Employés : 91
19,Ducasse Paris,47414,www.linkedin.com/company/dorchester-collection,Employés : 344
20,Dxomark,38660,www.linkedin.com/company/dxomark-image-labs,Employés : 119
21,Easyfairs,49956,www.linkedin.com/company/easyfairs,Employés : 406
22,Easyteam,81473,www.linkedin.com/company/easyteam,Employés : 144
23,Eavs Groupe,90123,www.linkedin.com/company/eavs-groupe,Employés : 28
24,Ebm Consulting,82241,www.linkedin.com/company/ebm-consulting-luxembourg,Employés : 18
25,Ecair (Equatorial Congo Airlines),87211,www.linkedin.com/company/alternative-airlines,null
26,Ecole Centrale De Lyon,88016,www.linkedin.com/company/ecole-centrale-de-lyon,Employés : 517
27,Ecritel,41230,www.linkedin.com/company/ecritel,Employés : 159
28,Edelvi,54475,www.linkedin.com/company/edelvi,Employés : 658
29,Editis,33544,www.linkedin.com/company/editis,Employés : 1.6K
30,Efficrm,30697,www.linkedin.com/company/9328021,Employés : 26
31,Effik,39700,www.linkedin.com/company/effik,Employés : 231
32,Eiffage Energie,90134,www.linkedin.com/company/eiffageenergiesystemes,Employés : 5.4K
33,Ekwateur,49690,www.linkedin.com/company/joul-&-cie,Employés : 75
34,Elegia Formation,66516,www.linkedin.com/company/elegia-formation,Employés : 79
35,Elis,32337,www.linkedin.com/company/elis_2,Employés : 6.1K
36,Eloquant,632,www.linkedin.com/company/eloquant,Employés : 94
37,Emarsys,91580,www.linkedin.com/company/emarsys,null
38,Emc France,82336,www.linkedin.com/company/emc-france,Employés : 161
39,Emova Group,31061,www.linkedin.com/company/emova-group,Employés : 82
40,Enaco,84122,www.linkedin.com/company/enaco-ecole-nationale-de-commerce,null
41,Enssib,87069,www.linkedin.com/company/enssib,null
42,Entrepreneurs Du Monde,31402,www.linkedin.com/company/entrepreneurs-du-monde,Employés : 168
43,Entreprise Du Futur,44584,www.linkedin.com/company/visiativ,Employés : 769
44,Envie De Fraise - Groupe Mk Direct,91681,www.linkedin.com/company/envie-de-fraises,null
45,Eos Imaging,40858,www.linkedin.com/company/eosimaging,Employés : 140
46,Ep2c Energy,92572,www.linkedin.com/company/ep2c-energy,Employés : 85
47,Epex Spot,82509,www.linkedin.com/company/epex-spot,Employés : 219
48,Epsilon France,82606,www.linkedin.com/company/epsilon-france,Employés : 913
49,Epsilon Groupe Alcen,91016,www.linkedin.com/company/epsilon-ing-nierie,Employés : 123
50,"Eqiom, Groupe Crh",28874,www.linkedin.com/company/eqiom,Employés : 737
51,Eramet,39301,www.linkedin.com/company/163668,Employés : 58
52,"Erwin, Inc.",39771,www.linkedin.com/company/erwin,Employés : 348
53,Esii,53961,www.linkedin.com/company/esii-media-accueil,Employés : 110
54,Esisar Grenoble Inp!,87647,www.linkedin.com/company/grenoble-inp---institut-polytechnique-de-grenoble,Employés : 422
55,Esrf,87654,www.linkedin.com/company/esrf---european-radiation-synchrotron-facility,null
56,Essilor,90140,www.linkedin.com/company/essilor,Employés : 11K
57,Etablissements Blin,92827,www.linkedin.com/company/olivier-bertrand-distribution-holding,Employés : 35
58,Etyo,88946,www.linkedin.com/company/etyo,null
59,Eulerian Technologies,33253,www.linkedin.com/company/eulerian-technologies,Employés : 61
60,Eurécia,85680,www.linkedin.com/company/eur-cia,Employés : 95
61,Eurenco,49779,www.linkedin.com/company/eurenco,Employés : 328
62,Euro Cargo Rail,26850,www.linkedin.com/company/eurocargorail,Employés : 380
63,Euro-Information Telecom,39563,www.linkedin.com/company/euro-information-telecom,Employés : 141
64,Eurogroup Consulting France,48150,www.linkedin.com/company/eurogroup-consulting-france,Employés : 606
65,Europ Assistance France,64443,www.linkedin.com/company/europ-assistance,null
66,Europacorp,54418,www.linkedin.com/company/europacorp,null
67,European Society Of Cardiology!,44385,www.linkedin.com/company/european-society-of-cardiology,Employés : 570
68,Europlasma Sa,87508,www.linkedin.com/company/europlasma-sa,Employés : 30
69,Eurosearch & Associés,3013,www.linkedin.com/company/eurosearch-&-associes,null
70,Evaneos!,86993,www.linkedin.com/company/evaneos,Employés : 215
71,Ewd Group,88950,www.linkedin.com/company/ewdgroup,Employés : 11
72,EWS/ ECO WORLDWIDE SOLUTIONS,91110,www.linkedin.com/company/ppd-ews-group,null
73,Exco Céte D'Azur,32209,www.linkedin.com/company/exco,Employés : 756
74,Exndo Architectures,87849,www.linkedin.com/company/exndo-architectures,null
75,Expaceo,82609,www.linkedin.com/company/expaceo,Employés : 56
76,EXPERTISE FRANCE,91844,"www.linkedin.com/company/expertise-france|www.linkedin.com/company/experisfrance, www.linkedin.com/company/77397, www.linkedin.com/company/expertise-france",null
77,Exxelia Technologies,84116,www.linkedin.com/company/exxelia,Employés : 5
78,F.s.c. Group,39318,www.linkedin.com/company/senior-consultant---groupe-fsc,Employés : 56
79,Faconnable,44340,www.linkedin.com/company/fa-onnable-usa,Employés : 189
80,Factofrance,60874,www.linkedin.com/company/factofrance,Employés : 283
81,Fauché,82358,www.linkedin.com/company/groupe-jp-fauch%C3%A9,null
82,Fb Group,92686,www.linkedin.com/company/fb-groupe,null
83,Fc Girondins De Bordeaux,54084,www.linkedin.com/company/fc-girondins-de-bordeaux,Employés : 225
84,Fdg Group,51360,www.linkedin.com/company/fdg-group,Employés : 240
85,Fealinx,29285,www.linkedin.com/company/fealinx,Employés : 61
86,Fed Finance,44532,www.linkedin.com/company/10609699,Employés : 58
87,Federation De La Plasturgie Et Des Composites,88299,www.linkedin.com/company/f%C3%A9d%C3%A9ration-de-la-plasturgie-et-des-composites,null
88,Federation Française De L'Assurance (Ffa),87790,www.linkedin.com/company/ffa-assurance,Employés : 216
89,Federation Nationale Des Travaux Publics,88204,www.linkedin.com/company/f%C3%A9d%C3%A9ration-nationale-des-travaux-publics,null
90,Ferroglobe Manganese France,85218,www.linkedin.com/company/ferroglobe-plc,Employés : 210
91,Fhp Vileda,91354,www.linkedin.com/company/vileda-gmbh,Employés : 57
92,Ficofi,75587,www.linkedin.com/company/ficofi-grands-crus-services,null
93,Fidal,1143,www.linkedin.com/company/fidal,Employés : 2.2K
94,Fiducial Cloud,81856,www.linkedin.com/company/fiducial,Employés : 3.9K
95,Fiduest,55492,www.linkedin.com/company/fiduest,null
96,Fime,48627,www.linkedin.com/company/fime,Employés : 595
97,Finergreen,1448,www.linkedin.com/company/finergreen,Employés : 60
98,Five Guys,90156,www.linkedin.com/company/five-guys-enterprises,null
99,Fives Celes,44496,www.linkedin.com/company/fives,Employés : 158
100,FLOKK FRANCE,91802,www.linkedin.com/company/flokkdesign,Employés : 650
101,Focus Home Interactiv,43137,www.linkedin.com/company/focus-home-interactive,Employés : 167
102,Foliateam,53805,www.linkedin.com/company/foliateam,null
103,Fondation Agir Contre L'Exclusion,54166,www.linkedin.com/company/fondation-agir-contre-l-exclusion,Employés : 136
104,Fonderie Ghm,59521,www.linkedin.com/company/ghm,Employés : 361
105,Foxintelligence,60029,www.linkedin.com/company/foxintelligence,Employés : 54
106,France Gardiennage,87446,www.linkedin.com/company/france-gardiennage,Employés : 304
107,Franklab,91292,www.linkedin.com/company/franklab,null
108,French Tennis Federation,31548,www.linkedin.com/company/companyibtennis,null
109,Frichti,33610,www.linkedin.com/company/frichti,Employés : 296
110,Fundrock Group,43353,www.linkedin.com/company/fundrock-management-company-s-a-,Employés : 134
111,Fuze,82057,www.linkedin.com/company/fuze-inc,Employés : 601
112,Ga Smart Building,88096,www.linkedin.com/company/ga-smart-building,Employés : 288
113,Gac Group,84805,www.linkedin.com/company/gacgroup,Employés : 3K
114,Gardner Denver,90168,www.linkedin.com/company/gardner-denver,Employés : 2.7K
115,Garmont S.r.l,91486,www.linkedin.com/company/garmont-international-srl,null
116,Gaumont,87452,www.linkedin.com/company/les-cinemas-pathe-gaumont,Employés : 513
117,Gaz De Bordeaux,42959,www.linkedin.com/company/gaz-de-bordeaux,Employés : 82
118,Gecina,65561,www.linkedin.com/company/gecina,Employés : 421
119,Génie Climatique De L'Est,42292,www.linkedin.com/company/génie-climatique-de-l'est,Employés : 79
120,Genomic Vision,33061,www.linkedin.com/company/g-nomic-vision,Employés : 42
121,Genoway,64617,www.linkedin.com/company/genoway,Employés : 102
122,Gensun,66399,www.linkedin.com/company/gensun,Employés : 86
123,Geo Plc,85677,www.linkedin.com/company/geoplc,Employés : 199
124,Geoquip Marine Group,92450,www.linkedin.com/company/geoquip-marine,Employés : 187
125,Geos Group,23986,www.linkedin.com/company/359613,Employés : 58
126,Gerard Drout,85523,www.linkedin.com/company/gerard-darel,Employés : 481
127,Gfi Securities Limited,59813,www.linkedin.com/company/gfi-group_2,null
128,Gilson,85435,www.linkedin.com/company/gilson,Employés : 395
129,Gimelec,88308,www.linkedin.com/company/gim-lec,Employés : 26
130,Gip Silpc,82504,www.linkedin.com/company/silpc,Employés : 72
131,Glg,86963,www.linkedin.com/company/glg,Employés : 9K
132,Global Compact France,88179,www.linkedin.com/company/global-compact-france,Employés : 15
133,Gojob.com,65891,www.linkedin.com/company/gojob,Employés : 165
134,Goldenpass - Mob,92534,www.linkedin.com/company/goldenpass,Employés : 84
135,Goupe Abilways,47556,www.linkedin.com/company/abilways,Employés : 176
136,Gpc Logistique,92560,www.linkedin.com/company/3475858,Employés : 25
137,Grand Port Maritime De Dunkerque,88150,www.linkedin.com/company/grand-port-maritime-de-dunkerque,Employés : 123
138,Green Giraffe,84576,www.linkedin.com/company/green-giraffe,Employés : 118
139,Greta De L'Essonne,55845,www.linkedin.com/company/greta-de-l-essonne,Employés : 83
140,Groupama Sa,88145,www.linkedin.com/company/groupama,Employés : 22K
141,Groupe Agrica,51459,www.linkedin.com/company/groupe--agrica,Employés : 415
142,Groupe Aplitec,39721,www.linkedin.com/company/groupe-aplitec-figestor,null
143,Groupe Argus,42033,www.linkedin.com/company/l'argus,Employés : 217
144,Groupe Atomelec,75928,www.linkedin.com/company/vitrage-isolant-technique-vit,Employés : 27
145,Groupe Bbl - Transport International,87779,www.linkedin.com/company/bbl-transport,Employés : 170
146,Groupe Burgermeister,59159,www.linkedin.com/company/groupe-burgermeister,null
147,Groupe Cardinal,42547,www.linkedin.com/company/groupe-cardinal,Employés : 30
148,Groupe Colisée,92399,www.linkedin.com/company/colisee,Employés : 610
149,Groupe Cyril Lignac,85254,www.linkedin.com/company/cyrillignac,Employés : 68
150,Groupe Dubreuil,88355,www.linkedin.com/company/clara-automobiles,Employés : 244
151,Groupe Ecole Supérieure D'Agriculture D'Angers,55942,www.linkedin.com/company/groupe-esa,Employés : 323
152,Groupe Elephant,87115,www.linkedin.com/company/elephant-at-work,Employés : 91
153,Groupe Factoria,54043,www.linkedin.com/company/groupe-factoria,Employés : 125
154,Groupe Fauveder,92712,www.linkedin.com/company/fauveder-group,null
155,Groupe Fgc,56061,www.linkedin.com/company/fgc,Employés : 98
156,Groupe Flo,90844,www.linkedin.com/company/groupe-floirat,null
157,Groupe Guinot - Mary Cohr,90181,www.linkedin.com/company/guinot-mary-cohr,Employés : 309
158,Groupe Karavel - Promovacances,49692,www.linkedin.com/company/karavel,Employés : 509
159,Groupe Kiloutou,42631,www.linkedin.com/company/kiloutou,null
160,Groupe Lemoine,65318,www.linkedin.com/company/groupe-lemoine,Employés : 47
161,Groupe Lfpi - Lfpe,42832,www.linkedin.com/company/lfpi,Employés : 62
162,Groupe M6,88998,www.linkedin.com/company/m6-metropole-television,Employés : 18
163,Groupe Marck,49316,www.linkedin.com/company/groupe-marck,null
164,Groupe Mare Nostrum,42070,www.linkedin.com/company/marenostrum2002,Employés : 102
165,Groupe Novetude Santé,40362,www.linkedin.com/company/novetude-santé,null
166,Groupe Ouvêo-Ouvêo & Provélis,84592,www.linkedin.com/company/ouveo-aquitaine,Employés : 12
167,Groupe Realites,48302,www.linkedin.com/company/realites,Employés : 337
168,Groupe Rg,47912,www.linkedin.com/company/groupe-rg,Employés : 237
169,Groupe Royer,44309,www.linkedin.com/company/groupe-royer,Employés : 308
170,Groupe Spc,33649,www.linkedin.com/company/spc-consultants,Employés : 83
171,Groupe Suédois Axflow (Axel Johnson International),53866,www.linkedin.com/company/axflow,Employés : 524
172,Groupe Tiama,87153,www.linkedin.com/company/tiama-msc&sgcc-inspection,Employés : 193
173,Groupe Valeor,87468,www.linkedin.com/company/groupe-valeor,Employés : 54
174,Groupe Valophis,85248,www.linkedin.com/company/valophis-habitat---oph-du-val-de-marne,Employés : 310
175,Groupepgs,50933,www.linkedin.com/company/groupe-pgs,Employés : 182
176,Gruau (Groupe Gruau),66551,www.linkedin.com/company/gruau,Employés : 7
177,Grünenthal Group,90190,www.linkedin.com/company/gruenenthal,Employés : 10
178,Gt Advanced Technologies,87214,www.linkedin.com/company/gt-advanced-technologies,null
179,Gta Supports,88268,www.linkedin.com/company/gta-g%C3%A9om%C3%A8tres-experts,null
180,Guerlain,87026,www.linkedin.com/company/guerlain,null
181,H.p.s. Environnement,92819,www.linkedin.com/company/hpsenvironnement,Employés : 32
182,Hammerson,88339,www.linkedin.com/company/hammerson,null
183,Hari&co,87735,www.linkedin.com/company/hariandco,Employés : 93
184,Harvest Sa,44582,www.linkedin.com/company/harvest-sa,Employés : 205
185,Hatier,41262,www.linkedin.com/company/hatier,Employés : 215
186,Haulogy,91764,www.linkedin.com/company/haulogy,Employés : 74
187,Haulotte,66746,www.linkedin.com/company/haulotte-group,Employés : 879
188,Helion Areva Stockage Energie,88989,www.linkedin.com/company/areva-stockage-d%27energie,null
189,Hennessy,75727,www.linkedin.com/company/lvmh,Employés : 99K
190,Henry Schein France!,51113,www.linkedin.com/company/henry-schein-france,Employés : 274
191,Herige,88262,www.linkedin.com/company/herige,Employés : 302
192,Hesus,88914,www.linkedin.com/company/hesus,Employés : 70
193,Hippopotamus,90193,www.linkedin.com/company/hippopotamus-fr,Employés : 858
194,Homat,87223,www.linkedin.com/company/homat,null
195,"Homeaway France (Abritel, Homelidays Et Bedandbreakfast.com)",39838,www.linkedin.com/company/vrbo,Employés : 1.3K
196,Homeexchange,92376,www.linkedin.com/company/homeexchange-com,Employés : 69
197,Homeserve France,19501,"www.linkedin.com/company/homeserve, www.linkedin.com/company/homeserve-france",Employés : 251
198,Hopps Group,657,www.linkedin.com/company/hopps-group,Employés : 190
199,"Hôtel De Crillon, A Rosewood Hotel",48297,www.linkedin.com/company/hotel-de-crillon-rosewood,Employés : 288
200,Hotel Les Barmes De Lours,84972,www.linkedin.com/company/hotel-les-barmes-de-lours,Employés : 22
201,Hr Path Asie,21377,www.linkedin.com/company/hr-path,Employés : 806
202,Hra Pharma,43725,www.linkedin.com/company/hra-pharma,Employés : 276
203,Hrconseil,81741,www.linkedin.com/company/hrconseil,Employés : 77
204,Hubtobee,31883,www.linkedin.com/company/hubtobee,Employés : 5
205,Hzpc Potatoes,34331,www.linkedin.com/company/hzpc,Employés : 283
206,I'Car Systems,87594,www.linkedin.com/company/i'car-systems,Employés : 119
207,I-Rh Partner,68689,www.linkedin.com/company/i-rh-partnerconsultingsirh,Employés : 23
208,I.c.i.,40017,www.linkedin.com/company/20280,Employés : 58
209,Ibanfirst,41005,www.linkedin.com/company/ibanfirst,Employés : 236
210,IBM,35825,www.linkedin.com/company/ibm-institute,Employés : 26
211,Id2 Groupe - Conseil Et Service Informatiques,60105,www.linkedin.com/company/id2,Employés : 97
212,Iddri,65880,www.linkedin.com/company/platformsh,Employés : 206
213,Ideal Groupe,87476,www.linkedin.com/company/ideal-groupe,Employés : 116
214,IEA,64402,www.linkedin.com/company/international-energy-agency,Employés : 466
215,IFS,81230,www.linkedin.com/company/ifs,Employés : 5.2K
216,Igrec Ingenierie,55709,www.linkedin.com/company/igrec-ingenierie,Employés : 58
217,Ikom,86885,www.linkedin.com/company/ikom---interaktivne-kablovske-objedinjene-mre-e,null
218,Ile-De-France Mobilités (Anciennement Stif),48106,www.linkedin.com/company/stif,null
219,Ima Group,92388,www.linkedin.com/company/3365544,null
220,In Extenso,92779,www.linkedin.com/company/in-extenso,Employés : 3.2K
221,In'Li,90204,www.linkedin.com/company/in-li,Employés : 379
222,Infront Sports & Media Ag,86996,www.linkedin.com/company/infront-sports-&-media-ag,Employés : 613
223,Ingenico Group,81331,www.linkedin.com/company/ingenico,Employés : 5.3K
224,Innotec - Print Different,59442,www.linkedin.com/company/innotec---print-different,Employés : 16
225,Inserm,36407,www.linkedin.com/company/inserm,Employés : 7.7K
226,Insmed France,91774,www.linkedin.com/company/insmed,Employés : 496
227,INSTITUT D OPTIQUE,89392,www.linkedin.com/company/institut-d'optique-graduate-school,null
228,Inter Invest,43096,www.linkedin.com/company/inter-invest,null
229,Intercontinental Lyon - Hotel Dieu,84304,www.linkedin.com/company/holiday-inn-crowne-plaza-amsterdam-area,null
230,INTERNATIONAL POST CORPORATION (IPC),92446,www.linkedin.com/company/international-post-corporation,null
231,International Union Against Tuberculosis And Lung Disease (The Union),84472,www.linkedin.com/company/international-union-against-tuberculosis-and-lung-disease-the-union-,null
232,Invest In Africa - Mauritania,91677,www.linkedin.com/company/invest-in-africa,Employés : 41
233,Iobeya,81833,https://www.linkedin.com/company/iobeya/,Employés : 104
234,Irrijardin,12498,www.linkedin.com/company/irrijardin,Employés : 228
235,Isae-Supaero,87791,www.linkedin.com/company/isae,null
236,Isagri,90211,www.linkedin.com/company/isagri,Employés : 699
237,Isoskele,49262,www.linkedin.com/company/isoskele,Employés : 122
238,Isover France,88194,www.linkedin.com/company/isover-france,Employés : 189
239,Iss | Institutional Shareholder Services,35390,www.linkedin.com/company/iss-institutional-shareholder-services,Employés : 2K
240,Itecor,41282,www.linkedin.com/company/itecor,Employés : 145
241,Itelios,81764,www.linkedin.com/company/itelios,Employés : 650
242,Itelligence France,68686,www.linkedin.com/company/1459421,Employés : 58
243,IWD,31681,www.linkedin.com/company/iwd,Employés : 144
244,Izicap,82288,www.linkedin.com/company/izicap,Employés : 76
245,Izivia - Groupe Edf,42955,www.linkedin.com/company/izivia,Employés : 92
246,Jacobs Douwe Egberts,54583,www.linkedin.com/company/jdecoffee,Employés : 6.8K
247,Jaggaer,51434,www.linkedin.com/company/11353,Employés : 58
248,Japan Experience,87109,www.linkedin.com/company/japan-experience,Employés : 21
249,Jb Pierre Invest,66493,www.linkedin.com/company/jb-pierre-invest,Employés : 24
250,Jerlaure,92382,www.linkedin.com/company/jerlaure,Employés : 19
251,Jimmy Fairly,84135,www.linkedin.com/company/jimmyfairly-com,null
252,Jolival,92479,www.linkedin.com/company/jolival-france,null
253,K2 SYSTEMS GMBH,91520,www.linkedin.com/company/k2-systems,Employés : 57
254,Kaeser Compresseurs France,90216,www.linkedin.com/company/kaeser-compresseur-genas|www.linkedin.com/company/kaeser-compressors,Employés : 64
255,Kainos,92020,www.linkedin.com/company/kainos,Employés : 1.6K
256,Kaizen Solutions (Kzs),81311,www.linkedin.com/company/kzs,Employés : 170
257,Kalray,59609,www.linkedin.com/company/kalray,Employés : 98
258,Kang.fr,91480,"www.linkedin.com/company/kang-fr, www.linkedin.com/company/kang.it",Employés : 45
259,Karma Partners,81204,www.linkedin.com/company/karma-partners,Employés : 12
260,Kaufman & Broad Midi-Pyr?n?es,42527,www.linkedin.com/company/kaufman-independent-school-dst,null
261,KDI,61433,www.linkedin.com/company/klockner-distribution-industrielle,Employés : 546
262,Kellydeli,50410,www.linkedin.com/company/kellydeli,Employés : 242
263,Kemp,91001,www.linkedin.com/company/kemp-technologies,null
264,King Jouet Suisse Sa,12566,www.linkedin.com/company/king-jouet-com,Employés : 343
265,Kinougarde,42088,www.linkedin.com/company/kinougarde,null
266,Kisio Digital,54134,www.linkedin.com/company/kisio,Employés : 239
267,Kivnon,91257,www.linkedin.com/company/kivnon,Employés : 128
268,Klanik,84932,www.linkedin.com/company/klanik,Employés : 304
269,Kleresca - By Klox Technologies,91121,www.linkedin.com/company/klox-technologies-inc.,null
270,Kollori.com,49486,www.linkedin.com/company/kollori,Employés : 4
271,Kom And Do,88912,https://www.linkedin.com/company/11192122/,Employés : 12
272,Korian,60924,www.linkedin.com/company/groupekorian,Employés : 5.5K
273,Kpc - Key Performance Consulting,82543,www.linkedin.com/company/key-performance-consulting,Employés : 136
274,Kpmg Avocats,48151,www.linkedin.com/company/kpmg,Employés : 190K
275,Kronenbourg (Carlsberg Group),87780,www.linkedin.com/company/kronenbourg,Employés : 683
276,Ks Recrutement,84879,www.linkedin.com/company/ks-recrutement,Employés : 1.5K
277,L'Oréal,90228,www.linkedin.com/company/1662,null
278,L'Union Sociale Pour L'Habitat,88188,www.linkedin.com/company/union-sociale-pour-l%27habitat,Employés : 138
279,La Brenne,86937,www.linkedin.com/company/groupe-labrenne,Employés : 42
280,La Cité Du Vin,85572,"https://www.linkedin.com/company/opencorporates, www.linkedin.com/company/fondation-pour-la-culture-et-les-civilisations-du-vin",null
281,La Compagnie Du Lit,48250,www.linkedin.com/company/la-compagnie-du-lit,Employés : 124
282,"La Federation De La Maille, De La Lingerie & Du Balneaire",87738,www.linkedin.com/company/10596529,Employés : 26
283,La Meridionale,92695,www.linkedin.com/company/la-méridionale,Employés : 168
284,La Poste Solutions Business,87589,www.linkedin.com/company/la-poste,Employés : 29K
285,La Rochelle Université,84917,www.linkedin.com/company/university-of-la-rochelle,Employés : 761
286,Laboratoire Nutergia,66814,www.linkedin.com/company/laboratoire-nutergia,Employés : 244
287,Lactalis,90233,www.linkedin.com/company/lactalis,Employés : 9.9K
288,Lagardã¨re Paris Racing,54282,www.linkedin.com/company/lagardère-paris-racing,null
289,Lamett Europe Nv,91548,www.linkedin.com/company/lamett-europe-nv,null
290,Lansrod Group!,81909,www.linkedin.com/company/lansrod-consulting,Employés : 72
291,Lbmb Notaires,84810,https://www.linkedin.com/company/lbmb-notaires/,Employés : 36
292,Lbo France,42752,www.linkedin.com/company/lbo-france,Employés : 55
293,Le Conservateur,54218,www.linkedin.com/company/le-conservateur,Employés : 914
294,Le Geant Des Beaux-Arts,91148,www.linkedin.com/company/le-g-ant-des-beaux-arts,Employés : 64
295,Le Grenier À Pain,48268,www.linkedin.com/company/le-grenier-à-pain,null
296,Leaders League,87771,www.linkedin.com/company/leadersleague,Employés : 182
297,Lee Hecht Harrison-Altedia,84343,www.linkedin.com/company/lee-hecht-harrison,Employés : 5.9K
298,Lego,90924,www.linkedin.com/company/lego-group,Employés : 11K
299,Lenze,31946,www.linkedin.com/company/lenzegroup,null
300,Leon Grosse,65283,"www.linkedin.com/company/l-on-grosse, www.linkedin.com/company/975654",Employés : 1.1K
301,Les Compagnons Du Devoir Et Du Tour De France,84950,www.linkedin.com/company/les-compagnons-du-devoir,Employés : 677
302,Les Laboratoires Servier Industrie,91868,www.linkedin.com/company/servier,Employés : 11K
303,Les Macons Parisiens,43274,www.linkedin.com/company/les-ma%C3%A7ons-parisiens,Employés : 50
304,Les Mutuelles De Bretagne ?,84619,www.linkedin.com/company/les-mutuelles-de-bretagne,null
305,Les Nouveaux Héritiers,85054,www.linkedin.com/company/lesnouveauxheritiers,Employés : 32
306,Lexar Media,91097,www.linkedin.com/company/lexarmemory,Employés : 168
307,Leyton,87708,www.linkedin.com/company/leyton-france,null
308,Lg Toulouse Automobile,90916,www.linkedin.com/company/mercedesbenzbeziers,Employés : 487
309,Ligue Nationale De Rugby,88218,www.linkedin.com/company/ligue-nationale-de-rugby,Employés : 59
310,Limagrain Europe,88047,www.linkedin.com/company/groupe-limagrain,Employés : 4.6K
311,Linkeo,60941,www.linkedin.com/company/linkeo,Employés : 575
312,Linkfluence!,82574,www.linkedin.com/company/linkfluence,Employés : 210
313,Linxens,87343,www.linkedin.com/company/linxens,Employés : 439
314,Lissac Enseigne,90248,www.linkedin.com/company/lissac-enseigne,null
315,Liu Jo France,91381,www.linkedin.com/company/liu-jo-s-p-a,Employés : 788
316,Lloyd's Register,81571,www.linkedin.com/company/lloyd's-register,Employés : 6.1K
317,LLR,38649,www.linkedin.com/company/llr-partners,Employés : 97
318,Lobodis,90251,www.linkedin.com/company/lobodis,Employés : 35
319,Loft One,42477,www.linkedin.com/company/loft-one,Employés : 151
320,Logilec,92438,www.linkedin.com/company/e-leclerc,Employés : 19K
321,Lola-Mullenlowe,60534,www.linkedin.com/company/lola-mullenlowe,null
322,Lpa-Cgr Avocats,40747,www.linkedin.com/company/lpa-cgr-avocats,Employés : 263
323,Lunettes Pour Tous,59931,www.linkedin.com/company/lunettes-pour-tous,Employés : 132
324,Luxtram Sa,92711,www.linkedin.com/company/luxtram,Employés : 49
325,Lvl Médical Est,53726,www.linkedin.com/company/lvl-medical,Employés : 474
326,Lynx Conseil,31507,www.linkedin.com/company/lynx-conseil,Employés : 4
327,M.chapoutier,90255,www.linkedin.com/company/m-chapoutier,Employés : 131
328,M2i Formation,84795,www.linkedin.com/company/m2iformation,Employés : 551
329,Mademoiselle Desserts,88258,www.linkedin.com/company/mademoiselle-desserts,Employés : 261
330,Maf Roda Agrobotic,68681,www.linkedin.com/company/maf-roda-agrobotic,Employés : 207
331,Magellan Consulting - Groupe Magellan Partners,81225,www.linkedin.com/company/magellan-consulting,Employés : 8
332,Maguin Sas,88303,www.linkedin.com/company/maguin-sas,Employés : 95
333,Mainnovation - France,91007,www.linkedin.com/company/mainnovation,null
334,Mairie De Carpentras,84723,www.linkedin.com/company/mairie-de-carpentras,Employés : 75
335,Mairie De Colombes,88142,www.linkedin.com/company/mairie-de-colombes,Employés : 288
336,Mairie De Fontainebleau,40767,www.linkedin.com/company/mairie-de-fontainebleau,Employés : 73
337,Mairie De La Garenne-Colombes,87797,www.linkedin.com/company/mairie-de-la-garenne-colombes,Employés : 155
338,Mairie De Montreuil,88287,www.linkedin.com/company/mairie-de-montreuil,Employés : 265
339,Maison Johanes Boubee,88059,www.linkedin.com/company/maisonjohan%C3%A8sboub%C3%A9e,null
340,Mamashelter,75924,www.linkedin.com/company/mama-shelter,null
341,Managers En Mission,47860,www.linkedin.com/company/1019465,Employés : 650
342,Mantu,76030,www.linkedin.com/company/13241658,Employés : 650
343,Manutan International,87055,www.linkedin.com/company/manutan-france,null
344,Marco Vasco,44530,www.linkedin.com/company/marcovasco,Employés : 183
345,Marechal Electric,48063,www.linkedin.com/company/marechal-electric,Employés : 156
346,Mariage Frã¨res,59327,www.linkedin.com/company/mariage-freres-international,Employés : 45
347,Marionnaud,90261,www.linkedin.com/company/marionnaud,Employés : 2.2K
348,Marketshot,68670,www.linkedin.com/company/marketshot,Employés : 25
349,Martin Bencher Group,92539,www.linkedin.com/company/martinbenchergroup,Employés : 158
350,Mauviel1830,55631,www.linkedin.com/company/mauviel,null
351,MAVIC,91904,www.linkedin.com/company/mavic-amer-sports-group,null
352,Mazarine,51519,www.linkedin.com/company/mazarine-digital,Employés : 251
353,Mazet Business Consulting,90946,www.linkedin.com/company/mazet-route,null
354,MBC,68358,www.linkedin.com/company/munhwa-broadcasting-corp,null
355,Médiane Système,85043,www.linkedin.com/company/mediane-systeme,Employés : 193
356,Mediatransports,47745,www.linkedin.com/company/mediatransports,Employés : 258
357,Meetrics,91394,www.linkedin.com/company/meetrics,Employés : 41
358,Meetrix,84140,www.linkedin.com/company/meetrix,Employés : 18
359,Mega International,87027,www.linkedin.com/company/mega-international,Employés : 597
360,Mercedes-Benz Vi Lyon,84849,"https://www.linkedin.com/company/18540647, www.linkedin.com/company/3302305",null
361,Mercialys,39620,www.linkedin.com/company/mercialys,Employés : 154
362,Metron Sas,34105,www.linkedin.com/company/metron-sas,Employés : 142
363,Metsys,82485,www.linkedin.com/company/metsys,null
364,Mgp (Mutuelle Générale De La Police),47159,www.linkedin.com/company/la-mgp-la-mutuelle-des-forces-de-s%C3%A9curit%C3%A9,null
365,Micro Controle Spectra Physique,86915,www.linkedin.com/company/5243,Employés : 58
366,Midrange Group,82434,www.linkedin.com/company/midrange-group,Employés : 36
367,Millesima Sa!,54297,www.linkedin.com/company/millesima-sa,Employés : 59
368,Mister Minit France,84213,www.linkedin.com/company/minit,null
369,Mkts,92535,https://www.linkedin.com/company/mktstransportsspéciaux/about/,Employés : 6
370,Mobilosoft,91289,www.linkedin.com/company/mobilosoft,Employés : 20
371,Molinel,88052,www.linkedin.com/company/molinel,Employés : 55
372,Moma Event,86955,www.linkedin.com/company/moma-event,Employés : 15
373,Mondelēz International,90272,www.linkedin.com/company/mondelezinternational,null
374,Moneyoak,91325,www.linkedin.com/company/moneyoak,Employés : 18
375,Montelec,54345,www.linkedin.com/company/montelec-sas,Employés : 28
376,Morin Logistic,92642,www.linkedin.com/company/marine-logistics-limited,null
377,Moss Sas,81784,www.linkedin.com/company/moss_3,Employés : 58
378,Mutuelle Nationale Des Hospitaliers (Mnh),40335,www.linkedin.com/company/mutuelle-nationale-des-hospitaliers,null
379,Mutuelle Unéo,50898,www.linkedin.com/company/mutuelleuneo,Employés : 412
380,My Little Paris,38669,www.linkedin.com/company/my-little-paris,Employés : 180
381,Naf Naf,88994,www.linkedin.com/company/naf-naf,Employés : 904
382,Nafnaf,88995,www.linkedin.com/company/mariesixtine,Employés : 51
383,Nap Tourisme,92654,www.linkedin.com/company/naptourismetransport,Employés : 19
384,Naver Labs Corp.,38867,www.linkedin.com/company/naverlabs,Employés : 171
385,Neovision,32184,www.linkedin.com/company/neovisionsas,Employés : 650
386,Neoxam,30984,www.linkedin.com/company/neoxam,Employés : 455
387,Neoxia,33079,www.linkedin.com/company/neoxia,Employés : 182
388,Nera Economic Consulting,2636,www.linkedin.com/company/nera-economic-consulting,Employés : 683
389,Nestenn By Avis Immobilier Montbrison,50325,www.linkedin.com/company/nestennimmobilier,Employés : 536
390,Netxp,84902,www.linkedin.com/company/almond-consult,Employés : 129
391,Newen,39820,www.linkedin.com/company/newencontent,Employés : 99
392,Newrest,87692,www.linkedin.com/company/newrest-,Employés : 3.8K
393,Nextmind,75991,www.linkedin.com/company/11251811,null
394,Nicolas,31895,www.linkedin.com/company/nicolas-wines,Employés : 664
395,Nippon Express France S.a.s.,84499,www.linkedin.com/company/nippon-express-group,null
396,Nipro Medical Europe,90281,www.linkedin.com/company/nipro-europe-nv,null
397,Nordic Innovators,91468,www.linkedin.com/company/nordic-innovators,null
398,Noremat,60963,www.linkedin.com/company/10271135,Employés : 58
399,Norr11,91545,www.linkedin.com/company/norr11,Employés : 30
400,Novoferm France,13418,www.linkedin.com/company/novofermfrance,Employés : 77
401,Noyon Solutions Logistiques,92529,www.linkedin.com/company/noyonsolutionslogistiques,Employés : 52
402,Ntg Gondrand,92528,www.linkedin.com/company/nordic-transport-group-a-s,Employés : 141
403,Numa Paris,38731,www.linkedin.com/company/numa-paris,Employés : 111
404,Nuvias Group,91065,www.linkedin.com/company/nuvias-me,Employés : 438
405,Octo Technology,31371,www.linkedin.com/company/octo-technology,Employés : 753
406,OÉ,86904,https://www.linkedin.com/company/oeforgood/,null
407,Office Depot,85540,www.linkedin.com/company/office-depot-france,Employés : 399
408,Olikrom,86899,www.linkedin.com/company/9340173,Employés : 650
409,Olmix Sa,51175,www.linkedin.com/company/olmix,Employés : 263
410,Olympique De Marseille (Sasp),54247,www.linkedin.com/company/sasp-olympique-de-marseille,Employés : 429
411,Omelcom,88001,www.linkedin.com/company/omelcom,Employés : 24
412,Ommic,59514,www.linkedin.com/company/ommic,Employés : 71
413,One2team,912,www.linkedin.com/company/one2team,Employés : 51
414,One4you,87690,www.linkedin.com/company/one4you,Employés : 650
415,Onet Sa,90287,www.linkedin.com/company/10587302|www.linkedin.com/company/onet-sa,Employés : 3.9K
416,Ong Conseil France,47914,www.linkedin.com/company/ong-conseil-france,Employés : 243
417,Opcalia,49399,www.linkedin.com/company/3080852,Employés : 650
418,Optic 2000,88244,www.linkedin.com/company/naos-bioderma---institut-esthederm---etat-pur-,Employés : 2.1K
419,Orangemarine,91668,www.linkedin.com/company/orangemarine,Employés : 20
420,Orbea,91237,www.linkedin.com/company/orbea-s-coop-,Employés : 255
421,Ordre Des Avocats De Paris,38903,www.linkedin.com/company/1356176,Employés : 58
422,Orientis (Kusmi Tea - Lov Organic),50860,www.linkedin.com/company/kusmi-tea,Employés : 273
423,Orinox,85329,www.linkedin.com/company/orinox,Employés : 150
424,Ortec,4736,www.linkedin.com/company/ortec,Employés : 1.7K
425,Ovh,42090,www.linkedin.com/company/groupe-credit-du-nord,Employés : 4K
426,Ozitem,60668,www.linkedin.com/company/wttj-fr,Employés : 274
427,Palais Des Thés,60679,www.linkedin.com/company/le-palais-des-thes,Employés : 232
428,Paris Inn Group,49785,www.linkedin.com/company/paris-inn-group,Employés : 95
429,Paris Saint-Germain,50982,www.linkedin.com/company/paris-saint-germain,Employés : 1.4K
430,Pariscityvision,11102,www.linkedin.com/company/pariscityvision,Employés : 130
431,Partner Re,61562,www.linkedin.com/company/partnerre,Employés : 1.1K
432,Parts Europe,91506,www.linkedin.com/company/parts-europe,null
433,Paula's Choice Skincare Europe,91478,www.linkedin.com/company/paula's-choice-europe,Employés : 189
434,Payback Group,91041,www.linkedin.com/company/44894,Employés : 26
435,Pdm,88958,www.linkedin.com/company/pdm-steel-service-centers-inc,null
436,People And Baby,92758,www.linkedin.com/company/people&baby,Employés : 849
437,Peri,90302,www.linkedin.com/company/peri,Employés : 3.9K
438,Petit Forestier,54254,www.linkedin.com/company/1102009,Employés : 58
439,Pharmaplan (Ttp Group),60978,www.linkedin.com/company/pharmaplan-ttp-ag,Employés : 421
440,Phoenix Pharma France,92403,www.linkedin.com/company/phoenix-pharma-france,Employés : 291
441,Pierre Fabre Medicament Production,84079,www.linkedin.com/company/pierre-fabre,Employés : 7.2K
442,Pikpik Environnement,88314,www.linkedin.com/company/pikpik-environnement,null
443,Plezi,88886,www.linkedin.com/company/plezi,Employés : 44
444,Pokawa,84290,www.linkedin.com/company/pokawa,Employés : 93
445,Pole Habitat Colmar - Centre Alsace,87725,www.linkedin.com/company/pôle-habitat-colmar---centre-alsace,Employés : 35
446,Potel Et Chabot - Saint Clair Le Traiteur,50940,www.linkedin.com/company/potel-et-chabot,Employés : 433
447,Power Components B.v.,91564,www.linkedin.com/company/power-components,null
448,Pozzoli Spa,91233,www.linkedin.com/company/pozzoli-spa,Employés : 87
449,Premiere Vision,87913,www.linkedin.com/company/premi-re-vision,null
450,Prevor,88321,www.linkedin.com/company/prevor,Employés : 80
451,Primagaz France,49596,www.linkedin.com/company/primagaz,Employés : 625
452,Primonial Reim,39617,www.linkedin.com/company/483357,Employés : 650
453,Prins Metallurgische Producten B.v.,91255,www.linkedin.com/company/625182,Employés : 650
454,Pro À Pro,64970,www.linkedin.com/company/proapro,Employés : 492
455,Pro Btp Groupe,90311,www.linkedin.com/company/pro-btp-groupe,Employés : 2K
456,Product Cia,91578,www.linkedin.com/company/product-cia,null
457,Prodware,90312,www.linkedin.com/company/prodwarefrance,Employés : 1.5K
458,Proinsec,51453,www.linkedin.com/company/proinsec,Employés : 29
459,Prolians Logistique Centre Est,92666,www.linkedin.com/company/prolians-logistique-nord,Employés : 48
460,Promar Shipping,87133,www.linkedin.com/company/promar-shipping-services,Employés : 229
461,Pros,38707,www.linkedin.com/company/pros,Employés : 3
462,Provepharm Life Solutions,1282,www.linkedin.com/company/provepharm,null
463,Psb Industries Group,66566,www.linkedin.com/company/5245772,null
464,Publicis Drugstore,48100,www.linkedin.com/company/publicis-drugstore,Employés : 66
465,Publicis Groupe S.a.,90314,www.linkedin.com/company/publicis-groupe,Employés : 31K
466,Publicis Lma,88034,www.linkedin.com/company/publicis-lyon-marseille-annecy,null
467,Qa Systems,91103,www.linkedin.com/company/qa-systems,Employés : 39
468,Qlik,86972,www.linkedin.com/company/qlik,Employés : 2.5K
469,Qualiac,68523,www.linkedin.com/company/7583613,Employés : 650
470,Qualiconsult,87542,www.linkedin.com/company/qualiconsult,Employés : 1.5K
471,Qualium Investissement,39824,www.linkedin.com/company/1723421,Employés : 650
472,Racine,1394,www.linkedin.com/company/racine,Employés : 400
473,Radiofrance,47518,www.linkedin.com/company/radio-france,Employés : 3.6K
474,Ras Intérim,3349,www.linkedin.com/company/ras-intérim,Employés : 1.1K
475,RCA,90319,www.linkedin.com/company/rca-logiciels,Employés : 609
476,Récréaction,86909,www.linkedin.com/company/groupe-royer,Employés : 308
477,Reed Expositions France,81589,www.linkedin.com/company/reed-exhibitions,Employés : 3.2K
478,Regalooriginal.com,91091,www.linkedin.com/company/regalooriginal.com,Employés : 11
479,Reims Habitat,88055,www.linkedin.com/company/reims-habitat,Employés : 72
480,Reinhart Marville Torre,54298,www.linkedin.com/company/reinhart-marville-torre,Employés : 93
481,Reitzel,88149,www.linkedin.com/company/reitzel-sa,Employés : 96
482,Relevanc,88036,www.linkedin.com/company/relevanc,Employés : 139
483,Remy Cointreau,90322,"www.linkedin.com/company/remycointreau, www.linkedin.com/company/remy-cointreau_2",null
484,Richard Mille (Shanghai) Pte Ltd,91845,www.linkedin.com/company/richard-mille,null
485,Riou Glass,75566,www.linkedin.com/company/riou-glass,Employés : 178
486,Ritmx,82616,www.linkedin.com/company/ritmx,Employés : 25
487,Roadbook.care,49442,www.linkedin.com/company/roadbook-care,null
488,Robertet,31865,www.linkedin.com/company/robertet-group,null
489,Roelmi Hpc,91743,www.linkedin.com/company/roelmihpc,Employés : 46
490,Röhnisch Sportswear Ab,91265,www.linkedin.com/company/röhnisch-sportswear-ab,null
491,Roipal,91857,www.linkedin.com/company/roipal,null
492,Royal White Cement,92322,www.linkedin.com/company/royalwhitecement,null
493,Royal-Riviera Hotel,40876,www.linkedin.com/company/royal-riviera,Employés : 3
494,RSI,84315,www.linkedin.com/company/regime-social-des-independants,null
495,Rubis Terminal,65653,www.linkedin.com/company/rubis-terminal,null
496,S-Pass Tse (Fimalac Entertainment),87794,www.linkedin.com/company/s-pass,Employés : 35
497,S2T,30522,www.linkedin.com/company/s2t,Employés : 31
498,Sacd,87183,www.linkedin.com/company/sacd,Employés : 290
499,Saegus,33195,www.linkedin.com/company/saegus,Employés : 107
500,Safram Ile-De-France,92632,www.linkedin.com/company/safram-france,null
501,Safran Transmission Systems,68796,www.linkedin.com/company/safran,Employés : 46K
502,Saint-Nazaire Et Agglomeration,87715,www.linkedin.com/company/11228874,Employés : 650
503,Saipem,86943,www.linkedin.com/company/saipem,Employés : 318
504,Saleduck,91346,www.linkedin.com/company/saleduck,Employés : 26
505,Salveo,38799,www.linkedin.com/company/groupe-salveo,null
506,Samsonite,87014,www.linkedin.com/company/samsonite,Employés : 2.9K
507,Samy Group,90963,www.linkedin.com/company/samyroad,Employés : 132
508,Sbb Cff Ffs,92503,www.linkedin.com/company/sbb,Employés : 12K
509,Scc Air Compressors,91518,www.linkedin.com/company/tolpecgmbh,null
510,Schmidt Spiele Gmbh,91125,www.linkedin.com/company/schmidt-spiele-gmbh,Employés : 16
511,Schneider Electric,90331,www.linkedin.com/company/schneider-electric,Employés : 70K
512,Sciences Po,86952,www.linkedin.com/company/sciences-po,Employés : 68
513,Scor Investment Partners,61976,www.linkedin.com/company/scor,Employés : 3.5K
514,Script&go,91038,www.linkedin.com/company/script&go,null
515,Sd Services,90699,www.linkedin.com/company/sd-services,null
516,Sdel Val De Seine,92798,www.linkedin.com/company/olivier-bertrand-distribution-holding,Employés : 35
517,Sdg Consulting France,92100,www.linkedin.com/company/sdg-group,Employés : 1.1K
518,Seaowl Marine Services,68588,www.linkedin.com/company/seaowl-group,null
519,Seca – Precision For Health,91758,www.linkedin.com/company/seca,Employés : 236
520,Secours Catholique,92419,www.linkedin.com/company/secours-catholique-france,Employés : 1.1K
521,Secure It France,53997,www.linkedin.com/company/11078346,Employés : 26
522,Segula Technologies,60710,www.linkedin.com/company/segula-technologies,Employés : 7K
523,Seio - Junior-Entreprise,87123,www.linkedin.com/company/seio,Employés : 37
524,Seita Imperial Tobacco,14747,www.linkedin.com/company/seita-imperial-tobacco,Employés : 213
525,Selectra Sarl,61002,www.linkedin.com/company/selectra-sarl,Employés : 857
526,Selmer,48236,www.linkedin.com/company/henri-selmer-paris,Employés : 91
527,Selp,59692,www.linkedin.com/company/selp,Employés : 203
528,Semin,28760,www.linkedin.com/company/semin-sas,Employés : 94
529,Seqens,49782,www.linkedin.com/company/seqensofficiel,Employés : 402
530,Serma Technologies,44307,www.linkedin.com/company/serma-group,Employés : 790
531,Serviceplan,33001,www.linkedin.com/company/serviceplan-france,Employés : 70
532,Setelia,88184,www.linkedin.com/company/setelia,Employés : 135
533,Sewan Groupe,47254,www.linkedin.com/company/sewan-communications,null
534,Sfil,47183,www.linkedin.com/company/sfil,Employés : 366
535,SFR,88148,www.linkedin.com/company/hawthorn-suites-by-wyndh,null
536,SGS,90335,www.linkedin.com/company/sgs,Employés : 41K
537,Sham,62038,www.linkedin.com/company/groupe-sham,Employés : 408
538,Shopopop,66801,www.linkedin.com/company/shopopop,Employés : 59
539,Showroomprive.com,68591,www.linkedin.com/company/showroomprive-com,Employés : 1.1K
540,Siaap,88270,www.linkedin.com/company/77376,Employés : 650
541,SIB,87687,www.linkedin.com/company/29366,Employés : 26
542,Sieur D'Arques!,54448,www.linkedin.com/company/sieur-d'arques,Employés : 54
543,Siparex,33166,www.linkedin.com/company/siparex,Employés : 124
544,Sita,86949,www.linkedin.com/company/sita,Employés : 7K
545,Sites Sas (France),81577,www.linkedin.com/company/sites-sas-france,null
546,Sitour,47602,www.linkedin.com/company/sitour-merchandising,Employés : 93
547,Skyepharma Production,84376,www.linkedin.com/company/skyepharma,null
548,Slib,54226,www.linkedin.com/company/slib_2,Employés : 98
549,Smart Trade Technologies,84280,www.linkedin.com/company/78009,Employés : 58
550,Smiirl,31962,www.linkedin.com/company/smiirl,Employés : 650
551,SNETOR,91000,www.linkedin.com/company/snetor,Employés : 193
552,Soat,48166,www.linkedin.com/company/soat,Employés : 315
553,Société Allumettiere Française Sas - Supergroup (Groupe Logista),75666,www.linkedin.com/company/logista-france-s-a-,Employés : 323
554,Société Du Grand Paris,81472,www.linkedin.com/company/societe-du-grand-paris,Employés : 747
555,Societe Du Grand Paris,92495,www.linkedin.com/company/societe-du-grand-paris,Employés : 747
556,Societe Financiere De La Nef,54516,www.linkedin.com/company/la-nef---société-financière,Employés : 75
557,Société Française De Coaching (Sfcoach),85055,www.linkedin.com/company/soci-t-fran-aise-de-coaching-sfcoach-,Employés : 14
558,Socomec,88237,www.linkedin.com/company/socomec,Employés : 1.9K
559,Socram Banque,61502,www.linkedin.com/company/macif,Employés : 4.5K
560,Sodexo,90350,www.linkedin.com/company/sodexo-benefits-and-rewards-services,Employés : 3.4K
561,Sodie,84808,www.linkedin.com/company/semaphores-alpha,Employés : 196
562,Sofima - Societe Financiere Martin,92435,www.linkedin.com/company/sofima-société-finacière-martin,Employés : 20
563,Sofresid Engineering,85003,www.linkedin.com/company/sofresid-engineering-lyon-,Employés : 51
564,Sogeco,92496,www.linkedin.com/company/sogeco,Employés : 167
565,Sogefi,87367,www.linkedin.com/company/sogefi-sig,null
566,Sogestran Group,87942,www.linkedin.com/company/sogestran,Employés : 173
567,Solaris Gestion,49473,www.linkedin.com/company/solaris-gestion,Employés : 22
568,Solcera,88874,www.linkedin.com/company/solcera,Employés : 75
569,Sopexa,50704,www.linkedin.com/company/sopexa,Employés : 269
570,Soprema France,90358,www.linkedin.com/company/soprema_2,Employés : 392
571,Sordalab,86942,www.linkedin.com/company/sordalab,null
572,Speachme,81575,www.linkedin.com/company/speach-me,null
573,Spendesk,40944,www.linkedin.com/company/spendesk,null
574,Sport 2000 France,38899,www.linkedin.com/company/sport-2000-france,Employés : 388
575,Sportfive,86934,www.linkedin.com/company/sportfive,Employés : 841
576,Stade De France®,40594,www.linkedin.com/company/stade-de-france,Employés : 159
577,Stampyt,85533,www.linkedin.com/company/stampyt,Employés : 246
578,Starleaf,91862,www.linkedin.com/company/starleaf,Employés : 191
579,Stelliant,86888,www.linkedin.com/company/stelliant,Employés : 818
580,Stentys,88858,www.linkedin.com/company/stentys,Employés : 24
581,Sterigène,89555,www.linkedin.com/company/sterigene,null
582,Steris Isomedix Services (Now Steris Ast),70039,www.linkedin.com/company/steris-applied-sterilization-technologies,null
583,Stériservices Sas,89560,www.linkedin.com/company/steriservices,Employés : 26
584,Still France,90357,www.linkedin.com/company/stillfrance,Employés : 543
585,Storelift,66734,www.linkedin.com/company/storelift,Employés : 29
586,Studiocanal,48423,www.linkedin.com/company/studiocanal,Employés : 400
587,Suez International,92822,www.linkedin.com/company/1711137,Employés : 650
588,Sunweb Group,91018,www.linkedin.com/company/sunweb-group,null
589,Supamonks Studio,54615,www.linkedin.com/company/supamonks-studio,Employés : 77
590,Supermood,85688,www.linkedin.com/company/supermood,Employés : 34
591,Supersonic Imagine Ltd,54168,www.linkedin.com/company/supersonic-imagine,null
592,Suravenir Assurances (Groupe Crédit Mutuel Arkéa),50718,www.linkedin.com/company/suravenir-assurances-s-a-,null
593,SVR,41329,www.linkedin.com/company/svr,Employés : 388
594,Swapcard!,2119,www.linkedin.com/company/swapcard,Employés : 87
595,Sygmatel,88282,www.linkedin.com/company/groupe-sygmatel,null
596,"Synalia, La Force Du Commerce Associã© En Bijouterie-Horlogerie",41324,www.linkedin.com/company/synalia,Employés : 71
597,Sysgo Ag,40792,www.linkedin.com/company/sysgo-gmbh,Employés : 88
598,Syxperiane,54343,www.linkedin.com/company/syxperiane,Employés : 57
599,Taldea Transport & Logistique,92561,www.linkedin.com/company/gie-taldea,null
600,Tbs Sailing Team,87965,www.linkedin.com/company/f-d-ration-des-associations-de-toulouse-business-school,null
601,Tc Concept,59700,www.linkedin.com/company/tc-concept-negoce,Employés : 101
602,Tcp - Transport Et Logistique,92614,www.linkedin.com/company/tcp---transport-et-logistique,null
603,TCR,50728,www.linkedin.com/company/tcr,Employés : 7
604,Te Connectivity,90365,www.linkedin.com/company/te-connectivity,Employés : 27K
605,Tecalemit Aerospace,84348,www.linkedin.com/company/tecalemit-aerospace,Employés : 135
606,Techair,91648,www.linkedin.com/company/techair,Employés : 31
607,Technicoflor,85646,www.linkedin.com/company/technicoflor-parfums,Employés : 77
608,Telmma,43089,www.linkedin.com/company/telmma,Employés : 93
609,Tenergie,59790,www.linkedin.com/company/tenergie,Employés : 99
610,Terrena,50735,www.linkedin.com/company/terrena,Employés : 1.6K
611,Tessi (Sa),34115,www.linkedin.com/company/tessi,Employés : 1.1K
612,Test,87488,www.linkedin.com/company/nukem-technologies,null
613,Thales Alenia Space,69834,www.linkedin.com/company/thales,Employés : 62K
614,Thalys,1614,www.linkedin.com/company/thalys-international,null
615,The Codingmachine,70559,www.linkedin.com/company/the-coding-machine,Employés : 83
616,The Conference Board,55807,www.linkedin.com/company/the-conference-board,null
617,Théâtre National De Marseille La Criée,40857,www.linkedin.com/company/la-criée-théâtre-national-de-marseille,Employés : 25
618,Thelem,85671,www.linkedin.com/company/thelem-france,null
619,Thomson Broadcast,44445,www.linkedin.com/company/1259389,null
620,Tinubu,66856,www.linkedin.com/company/tinubu-square,null
621,Tipeee,91871,www.linkedin.com/company/tipeee,null
622,Tipiak,92383,www.linkedin.com/company/tipiak-inc,Employés : 4
623,Titan France Sas,59385,www.linkedin.com/company/titan-france-sas,Employés : 18
624,TLC,85559,www.linkedin.com/company/tlc-bridal,null
625,Toffolutti Sa,92764,www.linkedin.com/company/toffolutti,null
626,Toray Films Europe,59797,www.linkedin.com/company/toray-films-europe,Employés : 205
627,Total Direct Energie,32591,www.linkedin.com/company/totaldirectenergie,null
628,Tradedoubler,91553,www.linkedin.com/company/tradedoubler,Employés : 734
629,Transdev,87379,www.linkedin.com/company/-transdev,Employés : 6.4K
630,Transports Roucayrol - La Logistique Du Froid,92727,www.linkedin.com/company/transportsroucayrol,null
631,Troc De L'Ile Sa / Groupe Troc.com,84533,www.linkedin.com/company/troc-com,Employés : 187
632,Trois Prim,36711,www.linkedin.com/company/trois-prime,null
633,Troops.fr,85190,www.linkedin.com/company/troops.fr,Employés : 8
634,Truffaut,64940,www.linkedin.com/company/truffaut,Employés : 1.1K
635,Truphone,91254,www.linkedin.com/company/truphone,Employés : 499
636,Tsg France,53895,www.linkedin.com/company/tokheim-koppens-ibérica,Employés : 33
637,Turenne Groupe,90890,www.linkedin.com/company/turenne-capital,Employés : 63
638,Turtle Beach,91427,www.linkedin.com/company/turtle-beach,Employés : 235
639,Uberall,65644,www.linkedin.com/company/get-uberall,Employés : 364
640,Ubisoft,84756,www.linkedin.com/company/ubisoft-ivory-tower,Employés : 205
641,Uic (Union Internationale Des Chemins De Fer),92611,www.linkedin.com/company/496364,Employés : 650
642,Umt-Mutualité Terres D'Oc (Groupe Vyv),85673,www.linkedin.com/company/umtterresdoc,Employés : 89
643,Unadev - Union Nationale Des Aveugles Et Déficients Visuels,53928,www.linkedin.com/company/unadev,Employés : 58
644,Unaids,87197,www.linkedin.com/company/unaids,Employés : 1K
645,Unexo - Credit Agricole,87785,www.linkedin.com/company/5027287,Employés : 650
646,Unibail-Rodamco-Westfield,87752,www.linkedin.com/company/unibail-rodamco-westfield,Employés : 4.6K
647,Unikalo - Société Des Colorants Du Sud-Ouest,48345,www.linkedin.com/company/societe-des-colorants-du-sud-ouest,Employés : 155
648,Union Des Marques,88354,www.linkedin.com/company/union-des-annonceurs---uda,Employés : 26
649,Unipex,55556,www.linkedin.com/company/unipex,Employés : 21
650,Universite De Caen Normandie,87972,www.linkedin.com/company/universit-de-caen-basse-normandie,Employés : 2.1K
651,Université De Picardie,90923,www.linkedin.com/company/universit-de-picardie-jules-verne,Employés : 1.7K
652,Universite Federale Toulouse Midi-Pyrenees,66667,www.linkedin.com/company/universit-de-toulouse,null
653,Upe 13,92428,www.linkedin.com/company/union-pour-les-entreprises-des-bouches-du-rh%C3%B4ne---upe-13,null
654,Urbest,75868,www.linkedin.com/company/urbest.io,null
655,Urbis Réalisations,85705,www.linkedin.com/company/urbis-réalisations,Employés : 37
656,Utopies,32690,www.linkedin.com/company/utopies,Employés : 82
657,V.ships (France),92729,www.linkedin.com/company/v-ships,null
658,Val Parisis Agglo,87956,www.linkedin.com/company/mairie-de-dugnys,Employés : 37
659,Valeuriad,82158,www.linkedin.com/company/valeuriad,null
660,Valmen,81776,www.linkedin.com/company/valmen,Employés : 61
661,Verywear,64584,www.linkedin.com/company/verywear,Employés : 58
662,Via Location,50852,www.linkedin.com/company/via-location,null
663,Vidal Group,40545,www.linkedin.com/company/vidal,null
664,VIF,39591,www.linkedin.com/company/vif,Employés : 276
665,Viia,54724,www.linkedin.com/company/viia---the-rail-motorways,Employés : 83
666,Viia,92469,www.linkedin.com/company/viia---the-rail-motorways,Employés : 83
667,Vilebrequin,59460,www.linkedin.com/company/vilebrequin,Employés : 318
668,Ville De Clichy-La-Garenne,87734,www.linkedin.com/company/manzac-gites,null
669,Ville De Rueil-Malmaison,87721,www.linkedin.com/company/ville-de-rueil-malmaison,Employés : 352
670,Ville De Saint-Quentin,88279,www.linkedin.com/company/ville-de-saint-quentin,Employés : 95
671,Vinci Facilities France,82546,www.linkedin.com/company/vinci-energies,Employés : 8.5K
672,Vinci Immobilier,84147,www.linkedin.com/company/vinci-immobilier,null
673,Viseo,59888,www.linkedin.com/company/viseo,Employés : 1.6K
674,Vivasure Medical,91431,www.linkedin.com/company/vivasure-medical,null
675,Vnext,40445,www.linkedin.com/company/vnext,null
676,Volvo Trucks France,84401,www.linkedin.com/company/volvo-trucks-france-s-a-s,Employés : 160
677,Voyage Prive,88877,www.linkedin.com/company/voyage-prive,Employés : 612
678,W-Legal,62923,www.linkedin.com/company/w-legal-limited,null
679,Wallix Group,41298,www.linkedin.com/company/wallix,null
680,Wandercraft,82234,www.linkedin.com/company/wandercraft,Employés : 83
681,Wano,84615,www.linkedin.com/company/world-association-of-nuclear-operators-wano-,null
682,Wavestone,54203,www.linkedin.com/company/wavestone,Employés : 3.8K
683,Wearesocial,87999,www.linkedin.com/company/we-are-social,null
684,Webedia-Group,33245,www.linkedin.com/company/easyvoyage,Employés : 74
685,Weishardt,31789,www.linkedin.com/company/weishardt,Employés : 92
686,Werin Group,81502,www.linkedin.com/company/werin-group,Employés : 31
687,White & Case Paris,86892,www.linkedin.com/company/white-&-case,Employés : 6.6K
688,William Grant & Sons,87490,www.linkedin.com/company/william-grant-&-sons,Employés : 2K
689,Wily,91178,www.linkedin.com/company/wilyglobal,Employés : 650
690,"Winebid.com, Inc.",75836,www.linkedin.com/company/winebid.com,Employés : 28
691,Wisepops,71264,www.linkedin.com/company/wisepops,null
692,Woodeez,88887,www.linkedin.com/company/woodeez,Employés : 8
693,Xange,30529,www.linkedin.com/company/xange-private-equity,Employés : 33
694,Xelians,81790,www.linkedin.com/company/xelians,Employés : 130
695,Xxii,85585,www.linkedin.com/company/xxii,Employés : 63
696,Y Schools (Ex-Groupe Esc Troyes),85014,www.linkedin.com/company/y-schools,Employés : 309
697,Youtube,88023,www.linkedin.com/company/youtube,Employés : 90K
698,Zadig & Voltaire,91351,www.linkedin.com/company/zadig-&-voltaire,null
699,Zaion - Callbot & Voicebot,76079,www.linkedin.com/company/zaion-callbot,Employés : 55
700,Zebi,85527,www.linkedin.com/company/zebidata,Employés : 66
701,Zentrada,91031,www.linkedin.com/company/zentrada-europe-gmbh-co-kg,Employés : 14
702,Zuora,36404,www.linkedin.com/company/zuora,Employés : 1.3K
703,Zuru Toys Company,91459,www.linkedin.com/company/zuru,null
