#1,1001 Cles,https://fr.linkedin.com/company/1001-cles-immo.com
#2,112hub,https://fr.linkedin.com/company/112hub-com
118 Productions,erreur
187-digital,erreur
#2,1Callclosers,https://www.linkedin.com/company/1-call-closers
1Dakapromotions,erreur
1Waygrowth,erreur
21centralepartners,erreur
247midnightmarketing,erreur
26 Realty,erreur
#2,2Bc Conseil,https://nl.linkedin.com/company/2bc-conseil
#1,Décision Achats Magazine,https://fr.linkedin.com/company/silex-france
#1,2Portzamparc,https://fr.linkedin.com/company/2portzamparc
#2,360contentsolutions,https://www.linkedin.com/company/360contentsolutions
#2,40th Parallel,https://www.linkedin.com/company/40th-parallel-surveying-llc
#1,4Mod,https://fr.linkedin.com/company/4mod-technology
4Threvolutionhr,erreur
#2,5Xdata,https://www.linkedin.com/company/5xdata
7Next,erreur
83barpatientactivation,erreur
868agency,erreur
#2,92dream,https://za.linkedin.com/company/92dream
#2,A P Aips,https://www.linkedin.com/company/ap%27aips
#3,A Vos Cotes - Services À Domicile,https://fr.linkedin.com/company/a-vos-cotes-services-a-domicile
#1,A.i.r Partenaire Santé,https://fr.linkedin.com/company/iessud
#1,Aaa France Cars,https://fr.linkedin.com/company/aaa-france-cars
Aandlpartnerships,erreur
#1,Aasset Security,https://fr.linkedin.com/company/aasset-security-gmbh
#1,Ab Conseils,https://fr.linkedin.com/company/ab-conseils
#1,Abeeway,https://fr.linkedin.com/company/aii-biomedical
#1,Abeeway,https://fr.linkedin.com/company/aii-biomedical
#1,Abeille Rush,https://fr.linkedin.com/company/abeille-rush
#2,Abionyx Pharma,https://www.linkedin.com/company/advicenne
Abodyfurniture,erreur
Abrsolutionsnc,erreur
#1,Abus France,https://fr.linkedin.com/company/abusfrance
Acc Patrimoine,erreur
#1,Acg Capital,https://fr.linkedin.com/company/alliance-consumer-growth-llc
#1,Achylle,https://fr.linkedin.com/company/achylle
#1,Acolad Group,https://fr.linkedin.com/company/acolad-group
Acom-Evenements,erreur
Acquisitions1,erreur
#2,Actegy Health,https://fr.linkedin.com/company/actegy-health-ltd
#2,Actimail Sas,https://www.linkedin.com/company/up-to-date
#2,Action Co,https://www.linkedin.com/company/actionco
Actionaid France – Peuples Solidaires,erreur
#1,Ad'3e Conseil,https://fr.linkedin.com/company/ad%273e
Adapei 17,erreur
#2,Adapty,https://www.linkedin.com/company/adapty
#2,Addiplast,https://fr.linkedin.com/company/addiplastgroup
Additi - Groupe Sipa,erreur
#2,Addmedianyc,https://hk.linkedin.com/company/addmedianyc
#2,Addsecure,https://fr.linkedin.com/company/addsecure
Addvalueagency,erreur
#1,Aden Formations,https://www.linkedin.com/company/insap-formations
Adequation-France,erreur
#2,Adesa Europe Nv,https://fr.linkedin.com/company/adesaueropenv
Adestria Consulting,erreur
#1,Adetem,https://fr.linkedin.com/company/adetem
#1,Adexsi,https://fr.linkedin.com/company/adexsi
#1,Adey,https://www.linkedin.com/company/adey-france
#2,Adey Commercial,https://fr.linkedin.com/company/adeyinnovation
#1,Adfab,https://fr.linkedin.com/company/adfab
Adiantis Coaching,erreur
#2,Adidas,https://fr.linkedin.com/company/adidas
Adie Réunion,erreur
#2,Adire,https://fr.linkedin.com/company/adiree
#1,Adiwatt,https://fr.linkedin.com/company/adiwatt-spain
#1,Adm Value,https://fr.linkedin.com/company/adm-value
#1,Adplorer,https://fr.linkedin.com/company/adplorer
Adplorer (Publocity France),erreur
Adqrates,erreur
#1,Ads Group,https://fr.linkedin.com/company/ads-group
#2,Adslyft,https://ag.linkedin.com/company/enevo
Advancedhostingteam,erreur
#2,Advant-Media,https://www.linkedin.com/company/web-squared-sdn-bhd
Adventist-Association,erreur
#2,Advizzo,https://www.linkedin.com/company/advizzo
#2,Aedit,https://www.linkedin.com/company/the-aedit
#1,Aéroport De La Réunion Roland Garros,https://fr.linkedin.com/company/aeroport-de-la-reunion-roland-garros
#2,Aéroports De Paris,https://www.linkedin.com/company/aeroports-de-paris
Aestheticoo,erreur
#1,Afc La Rochelle,https://fr.linkedin.com/company/sup-de-vinci
#1,Afflelou Groupe,https://fr.linkedin.com/company/alain-afflelou
Aftertheclickss,erreur
#1,Ag Woodstock,https://fr.linkedin.com/company/ag-woodstock
#2,Agape-Studio,https://www.linkedin.com/company/agapecreativestudios
#1,Agc Fiduciaire,https://fr.linkedin.com/company/agc-fiduciaire
#1,Agco S.a.s.,https://fr.linkedin.com/company/agco-s.a.s.
#1,Agence France Presse,https://fr.linkedin.com/company/agence-france-press-afp-news-
Agence Règionale De Dèveloppement Economique - Franche-Comtè,erreur
#2,Agence-Littoral,https://www.linkedin.com/company/agence-littoral
#1,Agence-Ovb,https://fr.linkedin.com/company/g&a-links-limited
Agenceovb,erreur
#1,Agences-Reunies,https://fr.linkedin.com/company/agences-r%C3%A9unies
Agencia-Ovb,erreur
Agencygrowthnow,erreur
Agencyincrease,erreur
Agencysurge,erreur
#1,Agenor,https://fr.linkedin.com/company/agenor-groupe
#1,Agexia,https://fr.linkedin.com/company/agexia
#2,Agileb2bsales,https://www.linkedin.com/company/agile-b2b-sales
#2,Agnelli Renovation Habitat,https://www.linkedin.com/company/estatistik
#1,Agnes B.,https://fr.linkedin.com/company/agnes-b.
#2,Agouragrowth,https://www.linkedin.com/company/agouragrowth
#1,Agri Ethique,https://fr.linkedin.com/company/agri-ethique
#1,AGRIA ASSURANCE POUR ANIMAUX,https://fr.linkedin.com/company/agria-assurance-pour-animaux
#1,Agrica Epargne,https://fr.linkedin.com/company/groupe--agrica
#1,Agrosystem,https://fr.linkedin.com/company/agrosystems-s-a
#2,Agter,https://fr.linkedin.com/company/inteligro-crop-solutions
#1,Ai-Konnect,https://fr.linkedin.com/company/ai-konnect
#1,Ai-Konnect,https://fr.linkedin.com/company/ai-konnect
#2,Aimers,https://www.linkedin.com/company/aimers-africa---celebrity-brands-and-reputation-management
#1,Air Caraïbes Atlantique,https://fr.linkedin.com/company/ach-consulting
#1,Air France Cargo,https://fr.linkedin.com/company/air-france
#2,Airbus Aircraft,https://www.linkedin.com/company/airbusgroup
#1,Airelles Development,https://fr.linkedin.com/company/lov-hotel-collection
#1,Aist La Prevention Active,https://fr.linkedin.com/company/aist-la-prevention-active
#2,Ajd-Media,https://www.linkedin.com/company/ajd-media
#3,Ajinomoto Animal Nutrition Europe,https://fr.linkedin.com/company/ajinomoto-foods-europe
#1,Akaunto,https://www.linkedin.com/company/secab-holding
#2,Akka Technologies,https://www.linkedin.com/company/akka-technologies
#1,Akzo Nobel Decorative Paints France,https://fr.linkedin.com/company/akzo-nobel-decorative-paints-france
#2,Al Ghassan Motors France,https://fr.linkedin.com/company/al-ghassan-motors
#1,Alexandre De Paris,https://fr.linkedin.com/company/alexandre-de-paris-accessories
#1,Alfa3a,https://fr.linkedin.com/company/alfa3a
#2,Algeco Group,https://fr.linkedin.com/company/algeco-group
#2,Algol,https://www.linkedin.com/company/algolgroup
#3,Alima,https://www.linkedin.com/company/alima
Alizee Advice,erreur
#1,Aljami,https://fr.linkedin.com/company/vssigroup
All Sport Speedo,erreur
Alliancedmc,erreur
Allinproductions,erreur
Allsessions-Qvt,erreur
Allthingsmanagedwp,erreur
#1,Almage,https://fr.linkedin.com/company/almage
Alpha Match,erreur
#2,Alphatrai-Inc,https://np.linkedin.com/company/analytics-ventures
#1,Alphonse,https://www.linkedin.com/company/les-talents-d%27alphonse
#1,Alsace Conseil Courtage,https://fr.linkedin.com/company/sas-alsace-conseil-courtage
#1,Alsenam Alcen,https://fr.linkedin.com/company/sercs-alcen
#1,Altenov,https://fr.linkedin.com/company/altenov
#2,Alter Ego Consulting,https://www.linkedin.com/company/alter-ego-consulting-inc-
#1,Altir,https://fr.linkedin.com/company/altir
#1,Altitude - Groupe Coopératif Agricole Et Agro-Alimentaire Du Grand Massif Central,https://fr.linkedin.com/company/altitude-groupe-cooperatif
#1,Altitude - Groupe Coopératif Agricole Et Agro-Alimentaire...,https://fr.linkedin.com/company/altitude-groupe-cooperatif
#1,Aluminor,https://www.linkedin.com/company/etablissements-aluminor
Amadajhb,erreur
#1,Amaury Services,https://fr.linkedin.com/company/amaury-services
#1,Amd (Aide Médicale Et Développement),https://www.linkedin.com/company/cdrin
Americandebtrecovery,erreur
Amethisfinance,erreur
#1,Amiantech,https://www.linkedin.com/company/amiantech
Amis Sans Frontieres (Asf),erreur
Amlensolutions,erreur
#1,Amor Meca,https://fr.linkedin.com/company/armor-meca
#1,Amphitech,https://fr.linkedin.com/company/amphitech
#2,Amsatou,https://www.linkedin.com/company/africaphonebooks
Amzpros,erreur
Analytico-App,erreur
Analytico-Ceiling,erreur
Analytico-Ideal,erreur
#1,Ancols,https://fr.linkedin.com/company/agence-nationale-de-controle-du-logement-social
#1,Andannabike France,https://fr.linkedin.com/company/andannabike
Andbamemail,erreur
#2,Anderton Castings,https://www.linkedin.com/company/anderton-castings
Aniel Sas,erreur
#1,Anjac Health & Beauty Group,https://www.linkedin.com/company/anjac-heath-beauty
#2,Ankorstore,https://www.linkedin.com/company/ankorstore
Anras Aide Et Protection Des Familles,erreur
#1,Ante Certamen,https://fr.linkedin.com/company/daiwa-securities-smbc-co.-ltd.
Antidote - Consulting Sur Mesure,erreur
#1,Anupa Conseil,https://www.linkedin.com/company/mojjoo-agence-digitale-paris
#2,Anytask,https://www.linkedin.com/company/anytaskofficial
#2,Anywhere365,https://fr.linkedin.com/company/workstreampeople
Aoi (Aide Odontologique Internationale),erreur
#2,Aopartnership,https://fr.linkedin.com/company/alpha-omega-partnership
#1,Ap Management,https://fr.linkedin.com/company/ap-management
#1,Apajh De La Creuse,https://fr.linkedin.com/company/apajhdelacreuse
#1,Apas 17 Service De Santé Au Travail,https://fr.linkedin.com/company/apas-17
#1,Apdc,https://fr.linkedin.com/company/apdc
Apex-Dropagency,erreur
Apex-Drops,erreur
Apexdigitalstudios,erreur
#2,Apexdrop,https://fr.linkedin.com/company/apexdrop
Apexdropmarketing,erreur
Apexdrops-Agency,erreur
Apexinfluencermarketing,erreur
Apexplainervideos,erreur
#1,Apij (Agence Publique Pour L'Immobilier De La Justice),https://fr.linkedin.com/company/apij-agence-publique-pour-l'immobilier-de-la-justice-
#1,Apirjso La Couronnerie,https://fr.linkedin.com/company/apirjsolacouronnerie
Apostrophecopywriters,erreur
Appstangotech,erreur
#1,April Marine,https://fr.linkedin.com/company/april-marine-fr
#1,Aprr,https://fr.linkedin.com/company/aprr
#1,APS,https://fr.linkedin.com/company/aps-coating-solutions
#2,Aquae-Jewels,https://gr.linkedin.com/company/astorga-jewels
#1,Aquassistance,https://fr.linkedin.com/company/aquassistance
#1,Aquitaine Croisieres,https://fr.linkedin.com/company/aquitaine-croisieres
#1,Aquitaine Electronique,https://fr.linkedin.com/company/aquitaineelectronique
#1,Aquitanis Oph Cub,https://fr.linkedin.com/company/aquitanis-oph-cub
#1,Arac Occitanie,https://fr.linkedin.com/company/arac-occitanie
#1,Aramis,https://fr.linkedin.com/company/aramisauto
#2,Arcad Software,https://fr.linkedin.com/company/arcad-software
#1,Arcadie,https://fr.linkedin.com/company/arcadie
#1,Arcady's Paris,https://fr.linkedin.com/company/arcadys-paris
#1,Arcante Groupe,https://fr.linkedin.com/company/arcante-groupe
#1,Arcelormittal France,https://fr.linkedin.com/company/arcelormittal-france
#1,Arcesi-Ea,https://fr.linkedin.com/company/arche-si-ea
#1,Architectural Factory,https://fr.linkedin.com/company/architectural-factory
Arcian,erreur
#1,Arco Bâtiment,https://fr.linkedin.com/company/arco-batiment84
#1,Arctec (Dépôt Sous Vide - Pvd),https://www.linkedin.com/company/arctec-pvd
#1,Arcus Inox,https://fr.linkedin.com/company/royaumont
#1,Arep,https://fr.linkedin.com/company/arep
#2,Argo,https://www.linkedin.com/company/argo
#1,Arhis,https://fr.linkedin.com/company/arhis
#1,Arianegroup,https://fr.linkedin.com/company/arianegroup
#1,Armoric Holding,https://fr.linkedin.com/company/armoric-holding
#1,Arnal,https://fr.linkedin.com/company/arnal-et-fils
#1,Arnal,https://fr.linkedin.com/company/arnal-et-fils
Arno-Media,erreur
#2,Aroohaholidays,https://fr.linkedin.com/company/aroohaholidays
#2,Arrow Up Training,https://www.linkedin.com/company/arrowuptraining
Arsenmail,erreur
#1,Art & Caractere,https://fr.linkedin.com/company/art-&-caractere
#2,Art-Kai,https://www.linkedin.com/company/kai-lin-art
#1,Artethic Galerie,https://fr.linkedin.com/company/artethic-galerie-paris
#1,Arteus,https://lu.linkedin.com/company/arteus
#1,Articonnex,https://fr.linkedin.com/company/articonnex
Artifakt (Recrute),erreur
Artisenterprises,erreur
Artkaidesign,erreur
Arubanoconsulting,erreur
#1,Arvesta,https://fr.linkedin.com/company/arvesta/jobs
#1,Asap Hr Group,https://fr.linkedin.com/company/asap-hr-group
#1,Asavinter,https://www.linkedin.com/company/asavinter
Asb Aérospatiale Batterie,erreur
#2,Asb Group,https://fr.linkedin.com/company/asb-group
#1,Ascanio,https://fr.linkedin.com/company/ascanio-accompagnement-digital
Ascendoutreach,erreur
#1,ASF,https://fr.linkedin.com/company/association-francaise-des-societes-financieres
Ashleymoller,erreur
#1,Asi (Actions De Solidarité Internationale),https://www.linkedin.com/company/solidarit%C3%A9-la%C3%AFque
Aspirecend,erreur
#2,Assary,https://br.linkedin.com/company/assary-clube-de-campo-de-votuporanga
#1,Assistance,https://fr.linkedin.com/company/ap-hp
#1,Assistance Vie À Domicile,https://fr.linkedin.com/company/a-domicile-assistance-et-services
#1,Association Ancre,https://fr.linkedin.com/company/wheeling-around-the-world-waw
#1,Association Anne Boivent,https://fr.linkedin.com/company/association-anne-boivent
#1,Association Des Paralysés De France (Apf),https://fr.linkedin.com/company/association-des-paralys%C3%A9s-de-france-apf
#1,Association Fouque,https://fr.linkedin.com/company/association-fouque
#1,Association Gabriel Deshayes,https://fr.linkedin.com/company/association-gabriel-deshayes
#1,Association Humanitaire Mékong,https://fr.linkedin.com/company/association-humanitaire-mekong
#1,Association La Caravelle,https://fr.linkedin.com/company/sauvegarde13
#1,Association La Roche,https://fr.linkedin.com/company/association-la-roche
#1,Association Maintenir,https://fr.linkedin.com/company/maintenirlyon
Association Médico Éucative Rouennaise,erreur
#1,Association Pour Les Enfants Des Rizieres (Aper),https://www.linkedin.com/company/generationsfutures
#1,Association Tutelaire Des Vosges,https://www.linkedin.com/company/orpi
#1,Assurance Maladie Du Var,https://hu.linkedin.com/company/cpam-var
#1,Astek,https://fr.linkedin.com/company/astek
#2,Astonwood,https://fr.linkedin.com/company/searchboxagency
#1,Astrid Taupin,https://fr.linkedin.com/company/aadt64
#2,Astro-Advertising,https://www.linkedin.com/company/astro-advertising
#1,Asus Technology Pte. Ltd.,https://fr.linkedin.com/company/asus-technology-pte.-ltd.
#2,At Kearney,https://fr.linkedin.com/company/atkearney-energy-transition-institute
#1,Ateliers Fouesnantais,https://www.linkedin.com/company/ets-ren%C3%A9-joncour
#1,Atlanthys,https://fr.linkedin.com/company/atlanthys-eu
#1,ATM,https://fr.linkedin.com/company/atm
#1,Atolia,https://www.linkedin.com/company/atolia
Attorneybacklinks,erreur
Attracto,erreur
Au Domaine Des Caves,erreur
Au Soum Conseil,erreur
#1,Aubelec,https://fr.linkedin.com/company/aubelec
#1,Aubron Et Mechineau,https://fr.linkedin.com/company/aubron-mechineau
#1,Audexiel,https://www.linkedin.com/company/audexiel
Audience247,erreur
#1,Audit & Valeurs Membre Du Groupe Prieur & Associes,https://fr.linkedin.com/company/groupe-prieur-et-associes
#1,Audit Consultants,https://fr.linkedin.com/company/audit-consultants
#1,Audouard Voyages,https://fr.linkedin.com/company/audouard-voyages
#1,Aurilis Group,https://fr.linkedin.com/company/aurilis-group
Aurorady,erreur
#1,Australie,https://fr.linkedin.com/company/australi-
#1,Authentik,https://www.linkedin.com/company/gouin-perreault-cloutier-associ%C3%A9-inc
Authorpreneurelite,erreur
#1,Auto Expo,https://fr.linkedin.com/company/auto-expo
#1,Auto-Ecole.net,https://fr.linkedin.com/company/auto-ecole-net
#2,Auto-Nurture,https://www.linkedin.com/company/auto-nurture
#1,Autobiz Sa,https://fr.linkedin.com/company/autobiz-france
#1,Autogrill Cote France,https://fr.linkedin.com/company/autogrill-cote-france
#1,Automation,https://fr.linkedin.com/company/alstef
#1,Automobile Club Association,https://fr.linkedin.com/company/automobile-club-association
#1,Auvergne-Rhône-Alpes Tourisme,https://www.linkedin.com/company/auvergne-rhone-alpes
#1,Avadel,https://fr.linkedin.com/company/avadelpharmaceuticals
Avadeladvertising,erreur
Avadelagency,erreur
Avadelmarketing,erreur
#2,Avanteam,https://www.linkedin.com/company/avanteam
#1,Avelia,https://fr.linkedin.com/company/avelia
#1,Avenir Déconstruction,https://www.linkedin.com/company/avenir-deconstruction
#1,Avenir Distribution,https://fr.linkedin.com/company/avenir-distribution
#1,Avenir Mutuelle,https://fr.linkedin.com/company/avenir-mutuelle
#1,Aventi,https://fr.linkedin.com/company/aventi-expert
#1,Aviagroup Industries,https://fr.linkedin.com/company/indraero-siren
#1,Avisofi!,https://fr.linkedin.com/company/avisofi-rh-ne-alpes
Avlma - Acheter Vendre Louer Maisons & Appartements,erreur
#2,Awesm,https://fr.linkedin.com/company/awesm
#2,Axa Assurcredit,https://www.linkedin.com/company/axa-advisors
#1,Axa Direct France,https://fr.linkedin.com/company/axa-global-direct
#1,Axa Life Invest,https://fr.linkedin.com/company/axa-life-invest
#1,Axe Group,https://fr.linkedin.com/company/axegroup
Axiadesignagency,erreur
#1,Axonum Sas,https://www.linkedin.com/company/cabinet-cap-conseil
#1,Axxel Manutention,https://fr.linkedin.com/company/axxel-manutention
#1,Ayala Europe,https://fr.linkedin.com/company/awareim
Ayinsolutions,erreur
#2,Azzedine Alaia Sas,https://www.linkedin.com/company/azzedine-alaia-sas
#2,B.e.n. Consulting,https://www.linkedin.com/company/abenconsulting
B2bgrowthonline,erreur
B2bsoftwareleads,erreur
#1,BA Healthcare,https://fr.linkedin.com/company/ba-healthcare
#2,Babel,https://fr.linkedin.com/company/babel
#1,Babel Doc - Babel Press,https://fr.linkedin.com/company/babel-doc
#2,Bacardi,https://fr.linkedin.com/company/bacardi
#1,Bacardi Martini Production,https://fr.linkedin.com/company/bacardi-martini-production
#2,Back Market,https://fr.linkedin.com/company/back-market
Bahamasparadiseemail,erreur
#1,Bakertilly Strego,https://fr.linkedin.com/company/strego
#1,Balibaris,https://fr.linkedin.com/company/balibaris
#1,Baluchon,https://fr.linkedin.com/company/baluchonensemble
Bananasmambo,erreur
#1,Bangumi,https://fr.linkedin.com/company/bangumi
#1,Banque De France,https://fr.linkedin.com/company/banque-de-france
#1,Bard,https://fr.linkedin.com/company/bard
#1,Bardinet,https://fr.linkedin.com/company/bardinet-s.a.s.
#1,Baremetrics,https://fr.linkedin.com/company/baremetrics
#2,Barilla,https://fr.linkedin.com/company/barilla_group
#1,Barocco Communication,https://fr.linkedin.com/company/barocco-communication
#1,Baron Philippe De Rothschild France Distribution (Rfd),https://pt.linkedin.com/company/rfd
#1,Baron Philippe De Rothschild France Distribution (Rfd),https://pt.linkedin.com/company/rfd
Barr-Capital,erreur
#2,Baseballtraining,https://fr.linkedin.com/company/in-the-zone-baseball-&-softball-academy
#2,Basf Agri Production Sas,https://www.linkedin.com/company/basf
#1,Basicblock,https://fr.linkedin.com/company/basicblock
#2,Basics Finance,https://dk.linkedin.com/company/organicbasics
#2,Basso Bikes,https://www.linkedin.com/company/basso-bikes
#1,Batei,https://www.linkedin.com/company/fiduciaire-chafii
Bâtiment Génie Civil Vendéen,erreur
#1,Batimetal,https://fr.linkedin.com/company/batimetal
#2,Batiste,https://fr.linkedin.com/company/church-&-dwight-co-inc
Baud Industries (Groupe),erreur
#1,BAUMERT,https://fr.linkedin.com/company/baumert
#1,Bayard Presse,https://fr.linkedin.com/company/bayard-presse
#2,Bayer,https://fr.linkedin.com/company/bayer
#1,Bb-A Conseil,https://fr.linkedin.com/company/cabinet-bensussan-berenthal
#1,Bcf Industries,https://fr.linkedin.com/company/bcf-industries
#2,BD,https://www.linkedin.com/company/bd
Bde Epitech Nancy,erreur
#1,Béaba,https://fr.linkedin.com/company/b%C3%A9aba
#1,Beau De Lomenie,https://fr.linkedin.com/company/cabinet-beau-de-lom-nie
Beaubidenfoundationinfo,erreur
Beaubidenfoundationlist,erreur
#1,Bechet,https://fr.linkedin.com/company/b%C3%A9chet
#1,Becofrance,https://fr.linkedin.com/company/sup-interim-57
#1,Becton Dickinson,https://fr.linkedin.com/company/becton-dickinson-france
#2,Beem,https://www.linkedin.com/company/beem-
Beholderlabs,erreur
#1,Beintec,https://fr.linkedin.com/company/beintec
#1,Bekkouche,https://fr.linkedin.com/company/onyxpharmadz
#2,Beko,https://fr.linkedin.com/company/beko-plc
#1,Bénégo,https://fr.linkedin.com/company/benego-simplifions-le-benevolat-sportif
#2,Benning,https://fr.linkedin.com/company/benning
#1,Bentin,https://fr.linkedin.com/company/bentin93
#1,Bernadet Construction,https://fr.linkedin.com/company/bernadet-construction
#1,Bert Consultant,https://fr.linkedin.com/company/admconseil
#1,Bertrand Duron Constructeur,https://fr.linkedin.com/company/bertrand-duron-constructeur
#3,Bestheim,https://fr.linkedin.com/company/cave-vinicole-de-hunawihr
#1,Bet Creative,https://fr.linkedin.com/company/be-creative
#1,Bettertopics,https://fr.linkedin.com/company/better-topics
#2,Beverly Glen Laboratories,https://www.linkedin.com/company/bglen-europe
#1,Beylev Invest,https://fr.linkedin.com/company/beylev-invest
Beyondrankingsseo,erreur
#1,BH,https://fr.linkedin.com/company/bh
#1,Bh Technologies,https://fr.linkedin.com/company/bh-technologies
#2,BHS,https://fr.linkedin.com/company/bhs
#1,Biam,https://fr.linkedin.com/company/distributeur-des-brasseurs-ind%C3%A9pendants
#2,Bianconiglio Kids,https://www.linkedin.com/company/bianconigliokids
#1,Bibby Factor France,https://fr.linkedin.com/company/bibby-factor-france
#1,Bien-Etre Assistance,https://fr.linkedin.com/company/bienetreassistance
#1,Bigard,https://www.linkedin.com/company/groupe-bigard
Bigbarkerpr,erreur
#1,Billaud Segeba,https://fr.linkedin.com/company/communaute-d%27agglomeration-du-bocage-bressuirais
#1,Billaud-Segeba,https://fr.linkedin.com/company/communaute-d%27agglomeration-du-bocage-bressuirais
Bio-Stéril Sa,erreur
#1,Biocombustibles,https://fr.linkedin.com/company/biocombustibles-de-cuenca-s-a-
#1,Biocoop Sa,https://ma.linkedin.com/company/biocoop-sa
#1,Biofloral,https://fr.linkedin.com/company/biofloralfrance
#2,Biogen France,https://fr.linkedin.com/company/biogen-
#3,Biolaris - Laboratoire De Biologie Medicale,https://fr.linkedin.com/company/biolaris---laboratoire-de-biologie-medicale
#1,Biologique Recherche,https://fr.linkedin.com/company/biologique-recherche
#1,Bip&go - Groupe Sanef,https://www.linkedin.com/company/bipandgo
#1,Bipa (Groupe Liebot),https://fr.linkedin.com/company/bipa-groupe-liebot
#1,Birchbox France,https://fr.linkedin.com/company/birchbox-fr
Birota Sas,erreur
#2,Biscuit International,https://www.linkedin.com/company/international-biscuits-limited
#2,Biscuits Delacre,https://fr.linkedin.com/company/biscuits-delacre
#1,Bizon,https://fr.linkedin.com/company/bizon.solutions
#1,Black Crows,https://fr.linkedin.com/company/black-crows-cab-5-4-sas
#2,Blackridge Group,https://lu.linkedin.com/company/blackridgegroup
#1,Blackstore,https://www.linkedin.com/company/blackstore
#2,Blay-Media,https://dk.linkedin.com/company/stillestunder
#2,Blay-Media,https://dk.linkedin.com/company/stillestunder
#1,Bleecker Group,https://fr.linkedin.com/company/bleecker-group
Bleuwheelmedia,erreur
Bling-Digital,erreur
#2,Bloomtalent,https://fr.linkedin.com/company/bloom-talent
#1,Bluebird,https://fr.linkedin.com/company/bluebird
#1,Bluelink,https://fr.linkedin.com/company/bluelink
Bluesafeaustralia,erreur
Bluesafebusiness,erreur
Bluesafeservices,erreur
#2,Bluestripe Llc,https://fr.linkedin.com/company/bluestripeliving
#1,Bnic,https://fr.linkedin.com/company/bureau-national-interprofessionnel-du-cognac
#1,Bnppi Residentiel,https://fr.linkedin.com/company/bnppi-residentiel
Bobion Et Joanin,erreur
#1,Bodin Bio,https://fr.linkedin.com/company/bodinbio
#1,Boehringer Ingelheim,https://fr.linkedin.com/company/boehringer-ingelheim
#1,Bofrost* France,https://fr.linkedin.com/company/bofrost-france
Boiserie Féau & Cie,erreur
#1,Boisset La Famille Des Grands Vins,https://fr.linkedin.com/company/domaine-chanson
#1,Boisset La Famille Des Grands Vins,https://fr.linkedin.com/company/domaine-chanson
Boldchoice,erreur
Bolileads,erreur
#1,Bolt,https://fr.linkedin.com/company/bolt
Bonjour Séville,erreur
#2,Booking.com,https://fr.linkedin.com/company/booking.com
Boostave,erreur
#1,Borie-Manoux,https://fr.linkedin.com/company/borie-manoux-sas
#2,Bos Brands,https://fr.linkedin.com/company/bos-brands
#1,Boubet.fr,https://fr.linkedin.com/company/boubet-services
#1,Bouchers-Services,https://fr.linkedin.com/company/bouchers-services
#1,Boughaleb,https://fr.linkedin.com/company/boughaleb-et-associes
#1,Bourg Frères,https://fr.linkedin.com/company/fbtp64
#1,Bourgogne Repas Production,https://www.linkedin.com/company/bourgogne-repas-production
#1,Bourse De Commerce / Collection Pinault - Paris,https://fr.linkedin.com/company/bourse-de-commerce-collection-pinault-paris
#1,Bouygues Immobilier,https://fr.linkedin.com/company/bouygues
#1,Bouygues-Immobilier,https://fr.linkedin.com/company/bouygues
#2,Bow Group,https://fr.linkedin.com/company/bow-group
Bpaassolution,erreur
#1,Bpd Marignan,https://www.linkedin.com/company/marignan-immo
Bpi-Partner,erreur
Bpl-Gmbh,erreur
#1,Bqse Groupe,https://fr.linkedin.com/company/bqse-groupe
Bradési,erreur
#1,Braincube (Ip Leanware),https://fr.linkedin.com/company/braincubefr
#2,Brand Group International,https://www.linkedin.com/company/kbrand
Brandlight,erreur
#2,Brandsinfocus,https://fr.linkedin.com/company/aim---european-brands-association
#2,Brentis,https://be.linkedin.com/company/coleg-y-cymoedd
Bretagne Demenagements Entreprises,erreur
#1,Breteault,https://fr.linkedin.com/company/breteault
#1,Breve-Podcast,https://fr.linkedin.com/company/br%C3%A8ve-podcast
Brian-Schatzinfo,erreur
Brian-Schatzmail,erreur
Brianonorio,erreur
Brianschatzinfo,erreur
Brianschatzlist,erreur
Brianschatzmail,erreur
#2,Brightskies.be,https://ke.linkedin.com/company/bskies
Briskwiz,erreur
#1,Brittany Ferries,https://fr.linkedin.com/company/brittany-ferries
#1,Brl Avocats,https://fr.linkedin.com/company/brl-avocats
Broadlinkmedia,erreur
#1,Bronze Alu,https://fr.linkedin.com/company/bronze-alu-groupe
#2,Brouwerij Cornelissen,https://www.linkedin.com/company/remant-cool-logistics
Brown-Forohioinfo,erreur
Brown-Forohiolist,erreur
Brown-Forohiomail,erreur
Brown-Mail-Info,erreur
Brown-Mail-List,erreur
Brown-Mailinfo,erreur
Brown-Maillist,erreur
Brownforohio-Info,erreur
Brownforohio-List,erreur
Brownforohio-Mail,erreur
Brownforohioinfo,erreur
Brownforohiolist,erreur
Brownforohiomail,erreur
Brownmail-List,erreur
Brownmailinfo,erreur
Brownmailinglist,erreur
Brownmaillist,erreur
#1,Brunatazenner,https://fr.linkedin.com/company/brunatazenner-sas
Bsandcomarketing,erreur
#1,Bsl (Groupe),https://fr.linkedin.com/company/bsl
#1,Btp Cfa Languedoc Roussillon,https://fr.linkedin.com/company/btp-cfa-aix
#1,Buesa Frères,https://fr.linkedin.com/company/buesa-travaux-maritimes-et-fluviaux
Bufap,erreur
#1,Buildingbugs,https://fr.linkedin.com/company/buildingbugs
Buildrmedia,erreur
Bumpyleads,erreur
#1,Bureau Des Sports Extrêmes Emlyon Business School,https://fr.linkedin.com/company/bdx-emlyon
#1,Bureau Sully,https://fr.linkedin.com/company/bureausully
#1,Burgundy School Of Business - Bsb,https://fr.linkedin.com/company/b-race-b
Burgundy Wines School,erreur
Burgundyschool,erreur
#1,Business Immo,https://fr.linkedin.com/company/business-immo-group
#2,Businessgrowers,https://www.linkedin.com/company/business-growers
Butterflylocal,erreur
Butterflylocal,erreur
Buy Our Side,erreur
#1,Buyco,https://fr.linkedin.com/company/buyco4shipping
Buysalesdata,erreur
Buyscalesellbusiness,erreur
#1,BWT,https://fr.linkedin.com/company/bwt
#1,By Agency Design,https://fr.linkedin.com/company/by-agency-group
#2,C.s.i.,https://www.linkedin.com/company/c-s-i
#1,Ca Com,https://fr.linkedin.com/company/ca-com
Cabinet Abry Coutou,erreur
Cabinet Agathe Conseil,erreur
Cabinet Exaa,erreur
#1,Cabinet Factorhy Avocats,https://se.linkedin.com/company/factorhy
Cabinet Harle Et Phelip,erreur
#1,Cabinet Lebrun Conseil,https://fr.linkedin.com/company/ethics-conseil
#1,Cabinet Merlin,https://fr.linkedin.com/company/cabinet-merlin
#1,Cabré,https://fr.linkedin.com/company/adela-cabr%C3%A9-interiorismo
#1,Cacao De Bourgogne,https://fr.linkedin.com/company/cacao-de-bourgogne
#1,Cairn-Point,https://fr.linkedin.com/company/opteamum-alliance
#1,Caisse Central Reassurance,https://sv.linkedin.com/company/ccr-caisse-centrale-de-reassurance
#1,Calberson Ile De France,https://fr.linkedin.com/company/calberson-ile-de-france
Caliberchiro,erreur
Caliperau,erreur
#1,Camca,https://fr.linkedin.com/company/groupe-camca
#1,Cameleon Communication,https://fr.linkedin.com/company/cameleon-communication
#1,Camif-Matelsom,https://fr.linkedin.com/company/camif-matelsom
#1,Camino-Gps,https://fr.linkedin.com/company/camino-gps
#1,Campus Du Lac: Ecoles Professionnelles De La Cci De Bg,https://fr.linkedin.com/company/acifop
#2,Camusocpa,https://gt.linkedin.com/company/camuso-cpa-pllc
#1,Canal+,https://www.linkedin.com/company/canal-
Canopypartner,erreur
Cantatahealthcare,erreur
#1,Cap Social,https://fr.linkedin.com/company/capso-cap-social-solidaire
#2,Cap5,https://fr.linkedin.com/company/cap5
#1,Capago International,https://fr.linkedin.com/company/capago-sarl
#2,Capaldimarketing,https://www.linkedin.com/company/capaldi-marketing
#1,Capeb Loire-Atlantique,https://fr.linkedin.com/company/capeb-44
#1,Capelli,https://fr.linkedin.com/company/capelli
#1,Capfinances,https://www.linkedin.com/company/capfinancesfrance/
#1,Capfun By Franceloc,https://www.linkedin.com/company/franceloc
#1,Capitaine Houat,https://fr.linkedin.com/company/capitaine-houat
#1,Capital Energy,https://fr.linkedin.com/company/capital-energy
Cap_21 Conseil En Ressources Humaines,erreur
Caramatsas,erreur
Carbody - Bavaria Industries Group Ag,erreur
#1,Cardinalmarketing,https://fr.linkedin.com/company/cardinal-business-consulting
Careercertlearning,erreur
#1,Cargo Loueur De Véhicules,https://fr.linkedin.com/company/cargo-loueur-de-vehicules
#2,Carmat,https://fr.linkedin.com/company/carmat
#1,Carne Corp / Carne Bollente,https://fr.linkedin.com/company/carne-corp
#1,Caroll,https://www.linkedin.com/company/caroll
#1,Carrément Bio !,https://fr.linkedin.com/company/carr%C3%A9ment
#1,Carrere-Holding,https://fr.linkedin.com/company/carrere-immobilier
#1,Carrier Geometres-Experts,https://fr.linkedin.com/company/rochexpo
#2,Carro,https://fr.linkedin.com/company/carro-auto
#2,Carro-App,https://www.linkedin.com/company/storetasker
#1,Cars Faure,https://fr.linkedin.com/company/cars-faure
#1,Cars Hangard,https://fr.linkedin.com/company/hangard-voyages
#1,Cars Hangard,https://fr.linkedin.com/company/hangard-voyages
#1,Carte Noire,https://fr.linkedin.com/company/carte-noire
#1,Cartonnages-Gaultier,https://www.linkedin.com/company/groupe-gaultier-cartonnages
Casasdigitalemail,erreur
#1,Case France Nso,https://www.linkedin.com/company/case-france-nso
#1,Casino Restauration,https://fr.linkedin.com/company/casino-restauration
#1,Casp,https://fr.linkedin.com/company/casp
#1,Castos,https://fr.linkedin.com/company/castos
#1,Castres Equipement,https://fr.linkedin.com/company/castres-equipement
Catchidigital,erreur
#3,Catel,https://fr.linkedin.com/company/catel-llc
Catering Aerien Développement,erreur
#1,Caussadesemencesgroup,https://pf.linkedin.com/company/caussadesemencesgroup
#1,CBA,https://fr.linkedin.com/company/cba
#1,Cci De Mayotte,https://de.linkedin.com/company/cci-mayotte
#1,Cci De Vaucluse,https://fr.linkedin.com/company/cci-de-vaucluse
#1,Cci Eurolam Group,https://fr.linkedin.com/company/cci-eurolam
#1,Cci Rochefort Et Saintonge,https://fr.linkedin.com/company/cci-rochefort-et-saintonge
#1,Ccmsa,https://fr.linkedin.com/company/caisse-centrale-de-mutualite-sociale-agricole
#1,CCR,https://fr.linkedin.com/company/ccr-caisse-centrale-de-reassurance
Cd(rh),erreur
Cech- Stc Audit Et Conseil,erreur
#1,CÈDRES INDUSTRIES,https://www.linkedin.com/company/groupec%C3%A8dresindustries
#2,Cefem Group,https://www.linkedin.com/company/cetem
Cefode (Coopération Et Formation Au Développement),erreur
#1,Cegeco,https://fr.linkedin.com/company/cegeco-agc
#1,Ceis,https://fr.linkedin.com/company/ceis-avisa-partners
#1,Cellublue,https://fr.linkedin.com/company/cellublue
#2,Cemarc,https://www.linkedin.com/company/cacteinforma
#1,Cendres+metaux France,https://fr.linkedin.com/company/cendresm%C3%A9tauxfrance
#1,Censio,https://www.linkedin.com/company/censio
#1,Centrale Lille,https://fr.linkedin.com/company/centrale-lille-associations
#2,Centrasyte,https://fr.linkedin.com/company/spearpointanalytica
#1,Centre Departemental De Telesurveillance Securite,https://fr.linkedin.com/company/d%C3%A9partementyvelines
#1,Centre Hospitalier - Le Mans,https://fr.linkedin.com/company/centre-hospitalier-du-mans
#1,Centre Hospitalier Bretagne Atlantique,https://fr.linkedin.com/company/centre-hospitalier-bretagne-atlantique
#1,Centre Hospitalier De Chartres,https://www.linkedin.com/company/centre-hospitalier-general-de-chartres
#1,Centre Hospitalier De Muret,https://fr.linkedin.com/company/centre-hospitalier-de-muret
#3,Centre Hospitalier De Saint-Quentin,https://fr.linkedin.com/company/centre-hospitalier-de-saint-quentin
#1,Centre Hospitalier Esquirol,https://fr.linkedin.com/company/centre-hospitalier-esquirol
Centre Hospitalier Grand Fougeray,erreur
#1,Centre Hospitalier Layon Aubance,https://fr.linkedin.com/company/centre-hospitalier-layon--aubance
#1,Centre Social Et Socioculturel Les Taillis,https://fr.linkedin.com/company/centre-social-et-socioculturel-les-taillis
#1,Centre Technique Du Papier,https://fr.linkedin.com/company/centre-technique-du-papier
#1,Cesys Consulting Firm,https://fr.linkedin.com/company/cesys
#1,Cetim,https://www.linkedin.com/company/cetim-centre-technique-des-industries-mecaniques
#1,Cf Patrimoine,https://fr.linkedin.com/company/club-entreprise-et-patrimoine
#1,Cf2p,https://fr.linkedin.com/company/cf2p
#1,Cfa Blagnac,https://fr.linkedin.com/company/cfa-blagnac-commerce-services
#1,CFA VOYAGES,https://fr.linkedin.com/company/cfa-voyages
#2,Cfohub,https://www.linkedin.com/company/cfo-hub
Cfsi (Comité Français Pour La Solidarité Internationale),erreur
#1,Cgn Europe Energy,https://fr.linkedin.com/company/cgn-europe-energy
#1,Cgpme,https://www.linkedin.com/company/cgpme-nationale
#1,Cgsh Service Europe,https://www.linkedin.com/company/la-grande-savonnerie
#1,Chambre D'Agriculture De Haute-Saône,https://www.linkedin.com/company/chambreagriculturerh%C3%B4ne
Chambre De Commerce Et D'Industrie De Paris Val-De-Marne,erreur
Chambre De Commerce Et D'Industrie De Règion Haute-Normandie,erreur
#1,Chambre De Commerce Et D'Industrie Du Var,https://www.linkedin.com/company/cciduvar
#1,Chambre De Metiers Et De L'Artisanat De L'Indre,https://fr.linkedin.com/company/chambre-de-m-tiers-et-de-l%27artisanat-d%27indre-et-loire
#1,Chambre Regionale De Metiers Et De L'Artisanat Auvergne-Rhone-Alpes,https://fr.linkedin.com/company/chambre-regionale-de-metiers-et-de-l%27artisanat-nouvelle-aquitaine
Champagne Chanoine Freres- Groupe Lanson-Bcc,erreur
#1,Champagne Palmer & Co,https://fr.linkedin.com/company/champagnepalmer
#1,Champagnepalmer,https://fr.linkedin.com/company/champagnepalmer
Champagnepc,erreur
Champlist,erreur
Chapiteaux-Pouillot,erreur
#1,Chapsol,https://fr.linkedin.com/company/chapsol
#1,Charbonneaux-Brabant,https://fr.linkedin.com/company/charbonneaux-brabant-s-a-
Chatbotms,erreur
#1,Chateau Cambon La Pelouse,https://fr.linkedin.com/company/chateau-cambon-la-pelouse
#1,Chateau Cambon La Pelouse,https://fr.linkedin.com/company/chateau-cambon-la-pelouse
Chateau De Heaas,erreur
#1,Château Giscours,https://fr.linkedin.com/company/soc-exploitation-chateau-giscours
#1,Château Lafite Rothschild,https://fr.linkedin.com/company/chateau-lafite-rothschild
#1,Château Lanessan,https://fr.linkedin.com/company/chateau-lanessan
#1,Château Lanessan,https://fr.linkedin.com/company/chateau-lanessan
#1,Chateau Moncontour- Vignobles Feray,https://fr.linkedin.com/company/vignobles-feray
#3,Chaussexpo,https://fr.linkedin.com/company/chauss-expo
#1,Chayall,https://br.linkedin.com/company/chayall
Cheetah-Email,erreur
#1,Cheminées Philippe,https://fr.linkedin.com/company/cheminees-philippe
#2,Chiri,https://zw.linkedin.com/company/chiri-llc
Chirurgie Solidaire,erreur
#2,Chromaco,https://www.linkedin.com/company/chromaco
#2,Ci-Systems,https://fr.linkedin.com/company/ci-systems
#1,Cibleo,https://fr.linkedin.com/company/cibleo
#1,Cie Internationale André Trigano,https://www.linkedin.com/company/compagnie-internationale-andre-trigano
Cierralueckconsulting,erreur
#2,Cil4sys Engineering,https://fr.linkedin.com/company/cil4sys-engineering
#1,Cilas,https://fr.linkedin.com/company/cilas
#1,Cipac Groupe,https://www.linkedin.com/company/cipac
#1,Ciprés Assurances,https://fr.linkedin.com/company/cipres-vie
#1,Circ,https://fr.linkedin.com/company/circ62
#1,Circle 4 Labs,https://www.linkedin.com/company/circle4smile
#1,Circus Casino France,https://fr.linkedin.com/company/circus-casino
#1,Cite De L'Architecture Et Du Patrimoine,https://fr.linkedin.com/company/cite-de-l'architecture-et-du-patrimoine
#1,Cité Des Congrès De Nantes,https://fr.linkedin.com/company/la-cite-des-congres-de-nantes
#1,Citram Aquitaine,https://fr.linkedin.com/company/citram-aquitaine
Citytechwebdesigns,erreur
Citytechwebsitedesign,erreur
#1,Cityzens Factory,https://fr.linkedin.com/company/saegus
#1,Clamageran,https://fr.linkedin.com/company/clamageran---expositions
#1,Clamart Habitat,https://fr.linkedin.com/company/office-public-de-l%27habitat-clamart-habitat-
#1,Claritywave,https://fr.linkedin.com/company/epic-by-clarity-wave
#1,Clemessy,https://fr.linkedin.com/company/clemessy
#1,Clerbout,https://fr.linkedin.com/company/ansamble-maroc
#1,Clergerie,https://fr.linkedin.com/company/robert-clergerie
#1,Clesse Industries,https://fr.linkedin.com/company/oprixfixe
#2,Climatpur,https://www.linkedin.com/company/aquapur
#1,Climb Up,https://fr.linkedin.com/company/climbup
#1,Clinique Chirurgicale Porte Océane,https://fr.linkedin.com/company/clinique-chirurgicale-porte-oceane
#1,Clinique Eiffel Carré D'Or,https://fr.linkedin.com/company/clinique-eiffel-carr%C3%A9-d%27or
#1,Clinique Herbert,https://fr.linkedin.com/company/clinique-herbert
#1,Clinique Saint Joseph,https://fr.linkedin.com/company/clinique-saint-joseph
Clinkast - Management Consulting And Operational Strategy,erreur
#1,Clm Bbdo,https://fr.linkedin.com/company/clm-bbdo
Cme-Formations,erreur
#2,Cna Hardy,https://fr.linkedin.com/company/cnahardy
#1,Cnajep,https://fr.linkedin.com/company/le-mouvement-associatif
#1,Cniel,https://fr.linkedin.com/company/cniel
#1,Cnj-Group,https://fr.linkedin.com/company/cn-j-group
#1,Cnosf,https://fr.linkedin.com/company/cnosf
#1,Cnosf,https://fr.linkedin.com/company/cnosf
Cnpg Conseil Rh,erreur
#2,Coachesclinic,https://ca.linkedin.com/company/thebasketballembassy
#1,Cocorico.store,https://fr.linkedin.com/company/cocorico.store
#2,Codecrew-Us,https://md.linkedin.com/company/codecrewllc
#1,CODESIGN-IT,https://fr.linkedin.com/company/codesign-it-
#1,Codoc,https://fr.linkedin.com/company/codoc-health
#1,Cofaq,https://www.linkedin.com/company/groupecofaq
#1,Coffres Forts Caradonna,https://fr.linkedin.com/company/caradonna-s.f.c.
#1,Cofigeo,https://fr.linkedin.com/company/cofigeo
#1,Cogelec Intratone,https://fr.linkedin.com/company/cogelec
#1,Cogep,https://fr.linkedin.com/company/cogep
#1,COL,https://fr.linkedin.com/company/col
#1,Colart Le Mans,https://fr.linkedin.com/company/colart-le-mans
Coldcourrier,erreur
Coldemailalchemist,erreur
Coldemailchampions,erreur
Coldemailcharisma,erreur
Coldemaildragons,erreur
Coldemailsidekicks,erreur
Coldmailagent,erreur
Coldmailmasters,erreur
Coldwaterecommerce,erreur
#1,Colibree,https://fr.linkedin.com/company/colibree-intergeneration
#1,Com'Plus,https://fr.linkedin.com/company/com-plus59
#1,Com'Sg - Cercle Des Office Managers Et Secrétaires Généraux De Cabinets D'Avocats,https://mt.linkedin.com/company/com-sg-cercle-des-office-managers-et-secr%C3%A9taires-g%C3%A9n%C3%A9raux-de-cabinets-d-avocats
#1,Comatelec Schreder,https://fr.linkedin.com/company/comatelec-schreder
#1,Combo Solutions,https://fr.linkedin.com/company/vizcab
#1,Comeen,https://fr.linkedin.com/company/get-comeen
#1,Comely,https://fr.linkedin.com/company/comely
#1,Comite Regional Sports Pour Tous Ile-De-France,https://fr.linkedin.com/company/comit%C3%A9-r%C3%A9gional-d%27equitation-d%27ile-de-france
#1,Comlev,https://fr.linkedin.com/company/sommalev-sarl
Commerceconvertpr,erreur
Commercialconceptsllc,erreur
#1,Commissariat À L'Énergie Atomique,https://fr.linkedin.com/company/commissariat-%C3%A0-l%E2%80%99-energie-atomique-cea
#2,Commongoodcleaning,https://www.fr.linkedin.com/company/the-common-good-cleaning-company
#1,Communauté D'Agglomération Du Grand Sénonais - Ville De Sens,https://fr.linkedin.com/company/office-du-commerce-et-de-l-artisanat-du-grand-s%C3%A9nonais
#1,Communauté D'Agglomération Du Pays De Grasse,https://www.linkedin.com/company/communaute_agglomeration_pays_de_meaux
#1,Communaute D'Agglomeration Riom Limagne Et Volcans,https://fr.linkedin.com/company/ca-riom-limagne-et-volcans
#1,Communaute De Communes De Bievre Est,https://fr.linkedin.com/company/entrebievreetrhone
#1,Communaute De Communes De La Picardie Verte,https://fr.linkedin.com/company/valsdudauphin%C3%A9
#1,Communaute De Communes De Petite Camargue,https://fr.linkedin.com/company/communaut%C3%A9-de-communes-des-co%C3%ABvrons
#1,Communauté De Communes Du Pays De Gex,https://fr.linkedin.com/company/communaute-de-communes-pays-du-mont-blanc
#1,Communaute De Communes Gally Mauldre,https://fr.linkedin.com/company/communaute-de-communes-gally-mauldre
#1,Communauté De Communes Loches Sud Touraine,https://fr.linkedin.com/company/sud-touraine-active
#1,Communauté De Communes Macs,https://www.linkedin.com/company/ccmacs40
Communauté De Communes Moselle Et Madon,erreur
Communauté De Communes Rhône Crussol,erreur
#1,Commune De Ermont,https://fr.linkedin.com/company/commune-de-ermont
Commune De Le Mene,erreur
#1,Commune De Megève,https://www.linkedin.com/company/mairie-de-meg-ve
#1,Commune De Noisy Le Grand,https://fr.linkedin.com/company/simt
#1,Commune De Ramonville Saint Agne,https://www.linkedin.com/company/le-domaine-de-montjoie
#1,Commune De Saint-Julien De Concelles,https://de.linkedin.com/company/lumiplan
#1,Compagnie Des Fromages & Richesmonts,https://fr.linkedin.com/company/compagnie-des-fromages-et-richesmonts
#1,Compagnie Des Ports Du Morbihan,https://fr.linkedin.com/company/compagnie-des-ports-du-morbihan
#1,Compagnie Des Transports Strasbourgeois,https://fr.linkedin.com/company/compagnie-des-transports-strasbourgeois
#1,Compagnie Francaise Des Grands Vins,https://fr.linkedin.com/company/compagnie-francaise-des-grands-vins
#1,Compagnie Industrielle Maritime,https://fr.linkedin.com/company/compagnie-industrielle-maritime---cim
#1,Compagnie Privée,https://fr.linkedin.com/company/compagnie-priv%C3%A9e
#2,Complexio,https://www.linkedin.com/company/complexio
Comptoirdesfilles,erreur
Computerguylogan,erreur
Computermanlb,erreur
Comunaute De Communes Coeur Du Pays Haut,erreur
Comuto Sa,erreur
#2,Concertive,https://www.linkedin.com/company/concertiv
Concretecalls,erreur
#1,Conectis,https://fr.linkedin.com/company/conectis
#2,Connect-Os,https://www.linkedin.com/company/connect-os
#1,Connectyou,https://fr.linkedin.com/company/connectyou
#1,Conseil General De L'Environnement Et Du Developpement Durable,https://fr.linkedin.com/company/conseil-general-de-l%27environnement-et-du-developpement-durable
#1,Conseil Régional D'Ile-De-France,https://fr.linkedin.com/company/region-ile-de-france
#1,Conseil Supérieur Du Notariat,https://www.linkedin.com/company/notaires-de-france/
#1,Constellacom,https://www.linkedin.com/company/printoclock
#1,Construction Millet Bois,https://fr.linkedin.com/company/construction-millet-bois
#1,Constructions Dasse,https://fr.linkedin.com/company/dass%C3%A9
#1,Constructions Mecaniques De Normandie,https://fr.linkedin.com/company/constructions-m-caniques-de-normandie
Constructions Métalliques Roger Delatt,erreur
#2,Consulate General Of France In Hong Kong And Macau,https://fr.linkedin.com/company/franceinhk
#1,Consultaing Services,https://fr.linkedin.com/company/energy-consulting-services
#1,Consultant Formateur,https://fr.linkedin.com/company/consultant-&-formateur
Contactbellarosa,erreur
#1,Continental Pharmaceutique,https://fr.linkedin.com/company/tedis-sa
#1,Convelio,https://fr.linkedin.com/company/convelio
Convert-Mind,erreur
Convertingmarketingleads,erreur
Convertsuite,erreur
#1,Convivio-Evo,https://fr.linkedin.com/company/convivio-evo
#1,Coopérative Des Producteurs Légumiers - Rosée Des Champs,https://fr.linkedin.com/company/rosee-des-champs
#1,Cooperative U Enseigne,https://fr.linkedin.com/company/cooperative-u-enseigne
Coopiris,erreur
#1,Cop.copine Officiel,https://fr.linkedin.com/company/cop.copine-officiel
#1,Copark,https://fr.linkedin.com/company/copark-co
Coprecs,erreur
Copycake,erreur
Copyellement,erreur
#1,Cordia,https://fr.linkedin.com/company/cordia
#1,Corep Lighting,https://fr.linkedin.com/company/corep-lighting
#1,Corexpert,https://fr.linkedin.com/company/corexpert
#2,Corigan,https://www.linkedin.com/company/realisetraining
#1,Corse Propreté I And Co,https://fr.linkedin.com/company/cpiandco
#1,Coservit,https://fr.linkedin.com/company/coservit
#1,Cotelac,https://fr.linkedin.com/company/cotelac
#2,Cotyinc,https://my.linkedin.com/company/deciem
#1,Coupe Fils,https://fr.linkedin.com/company/sandrine
Courtafidis,erreur
Courteix Bâtiment,erreur
Covenantmediaroofing,erreur
#1,Coverdale France,https://fr.linkedin.com/company/coverdale-france
#1,Coverguard,https://fr.linkedin.com/company/coverguard-security
#1,Coworklib,https://www.linkedin.com/company/coworklib
Cpme Des Pyrénées-Atlantiques,erreur
Cpms - Centre De Prã©voyance Mã©dico-Sociale,erreur
Crazyleadsapp,erreur
Createmydynasty,erreur
#2,Creatity,https://cz.linkedin.com/company/creatity-s-r-o
#1,Creative Commerce Partners,https://fr.linkedin.com/company/creative-commerce-partners
Creatorstraining,erreur
#1,Crèdit Agricole Loire Haute Loire,https://fr.linkedin.com/company/cr%C3%A9dit-agricole-loire-haute-loire
Crispycoldemail,erreur
Croftenterprises-T,erreur
#1,Croix Rouge,https://fr.linkedin.com/company/croix-rouge
#1,Crous Lyon,https://fr.linkedin.com/company/crous-lyon
#1,Crowe Rsa,https://fr.linkedin.com/company/crowe-rsa
Crowmediagroup,erreur
#2,Crystalmarketing,https://www.linkedin.com/company/crystal-marketing-solutions
Crystalplacement,erreur
#1,Ctbr,https://fr.linkedin.com/company/ctbr67
#1,Cube Bikes France,https://fr.linkedin.com/company/cube-bikes-france
#1,Cuisines Références,https://fr.linkedin.com/company/cuisines-references
#1,Cuppens,https://www.linkedin.com/company/cuppens
#2,Cuspide,https://www.linkedin.com/company/c%C3%BAspide-libros
Cutcutcraft,erreur
Cvfisher,erreur
Cvikingsoutreach,erreur
#2,Cwp-Wealth,https://au.linkedin.com/company/grosvenor-financial-services-group
Cybervypr,erreur
#1,Cyclocity,https://fr.linkedin.com/company/cyclocity
#1,Cyclocity,https://fr.linkedin.com/company/cyclocity
#1,Cyrillus,https://fr.linkedin.com/company/cyrillus
Cyvbgroup,erreur
#1,D&A,https://fr.linkedin.com/company/duthilleul-et-associes-sas
D1coldemailer,erreur
#1,D2si,https://www.linkedin.com/company/d2si
#2,Daf Direct,https://de.linkedin.com/company/daf-trucks-deutschland
#1,Dagobert,https://www.linkedin.com/company/dagobert
#1,Dailycer,https://fr.linkedin.com/company/dailycer
Dalecarnegie-Sudouest,erreur
#1,Dammann Freres,https://fr.linkedin.com/company/dammann-freres
#1,Dan Paris,https://fr.linkedin.com/company/dan-paris
#1,Daniel Féau Conseil Immobilier,https://fr.linkedin.com/company/daniel-f-au-conseil-immobilier
#2,Darag Italia S.p.a,https://fr.linkedin.com/company/darag-italia-s.p.a.
#1,Dargaud-Lombard,https://fr.linkedin.com/company/editions-dargaud-lombard
#1,Daron Groupe,https://fr.linkedin.com/company/daron-group
#2,Dashword,https://www.linkedin.com/company/dashword-fz-llc
#1,Dassault Falcon Service,https://fr.linkedin.com/company/dassault-falcon-service
#2,Datasalesscience,https://www.linkedin.com/company/data-sales-science-llc
Datly,erreur
#1,Daudruy Van Cauwenberghe S.a.,https://www.linkedin.com/company/daudruy-van-cauwenberghe
#1,Daudruy Van Cauwenberghe S.a.,https://www.linkedin.com/company/daudruy-van-cauwenberghe
#2,Davevalentine,https://nl.linkedin.com/company/rethink-creative-group
Davidguymarketing,erreur
Davidguymedia,erreur
Dayaema,erreur
#1,Dbep,https://fr.linkedin.com/company/dbep-pro
#1,Dcm Usimeca Atn,https://fr.linkedin.com/company/dcm-usimeca
#1,Dcube,https://fr.linkedin.com/company/dcube_
#1,De Buyer Industries,https://fr.linkedin.com/company/debuyerfrance
#1,De Medicis,https://fr.linkedin.com/company/medicis-partners
#1,De Sangosse,https://fr.linkedin.com/company/de-sangosse
De Sangosse Sa,erreur
De Sousa Frères Décoration,erreur
#2,Debs,https://www.linkedin.com/company/debs-corporation
#2,Decisions Made Easy,https://www.linkedin.com/company/decisions-made-easy
#1,Decotec,https://fr.linkedin.com/company/decotec-paris-inc-
#1,Dedalus,https://fr.linkedin.com/company/dedalus-france
Defi 12 Sas,erreur
#1,Défi Belgique Afrique,https://www.linkedin.com/company/defi-belgique-afrique
Deftconsult,erreur
#2,Dekker,https://www.linkedin.com/company/dekker-ltd.
#1,Delacommune Et Dumont,https://fr.linkedin.com/company/delacommune-et-dumont
#1,Delannoy Dewailly Entreprise,https://fr.linkedin.com/company/delannoy-dewailly
#1,Delmon Group,https://fr.linkedin.com/company/delmon-group
#1,Delta-Neu,https://www.linkedin.com/company/delta-neu
#1,Deltaneo,https://fr.linkedin.com/company/delta-composants-s-a-
#1,Demeco Entreprises By Euroflash,https://www.linkedin.com/company/demeco-entreprises
#2,Democracy-Matters,https://www.linkedin.com/company/democracy-matters
#1,Democrats,https://fr.linkedin.com/company/democratic-national-committee
#1,Dentmaster,https://fr.linkedin.com/company/dentmaster
#1,Departement De La Haute-Savoie,https://fr.linkedin.com/company/departement-de-la-haute-savoie
#1,Département Seine Saint Denis,https://www.linkedin.com/company/seinesaintdenis
#1,Des Systemes Et Des Hommes,https://www.linkedin.com/company/des-syst-mes-et-des-hommes
#1,Descamps Lombardo,https://fr.linkedin.com/company/descamps-lombardo
#1,Descote S.a.s.,https://fr.linkedin.com/company/descote-s-a-s-
#1,Descours Et Cabaud,https://fr.linkedin.com/company/descours-&-cabaud
#2,Design Labs Llc,https://www.linkedin.com/company/ignition-design-labs
Desklabmonitor,erreur
Desm-One,erreur
Detachement D'Intervention Contre Les Catastrophes Et De Formation De La Federation Francaise De Secours Et De Securite (Dicaf Ffss),erreur
#2,Detroit,https://www.linkedin.com/company/city-of-detroit
Dév. & Strat France,erreur
#1,Devcot,https://fr.linkedin.com/company/devcot
#2,Development Institute International,https://tr.linkedin.com/company/itdcturkiye
#1,Deville Rectification,https://fr.linkedin.com/company/deville-rectification
#1,Dexxon,https://fr.linkedin.com/company/dexxon
#1,Dfd-Dense Fluid Degreasing,https://fr.linkedin.com/company/dfd-sa
Dgg E.v. - German Ehealth Association,erreur
#1,Dgm Veron Grauer Sa,https://fr.linkedin.com/company/verongrauer
Diabeticbuybacks,erreur
#1,Diam-Bouchage,https://fr.linkedin.com/company/diam-bouchage
#3,Diamantsetcarats,https://fr.linkedin.com/company/diamantsetcarats
Dichacisou,erreur
#2,Diebolt,https://www.linkedin.com/company/diebolt-tp
#2,Digiceptual,https://fr.linkedin.com/company/digiceptual
#2,Digie247,https://www.linkedin.com/company/digie-24x7
#2,Digigram,https://fr.linkedin.com/company/digigram
#1,Digilor,https://fr.linkedin.com/company/digilor
Digirecs,erreur
#1,Digit Re Group,https://fr.linkedin.com/company/digit-re-group
Digitaform,erreur
Digitalapexinc,erreur
#1,Digitalent,https://fr.linkedin.com/company/digitalent
#2,Digitalnomadlife,https://au.linkedin.com/company/st-dakota
Digiteers-Luing,erreur
Digiteers-Lunga,erreur
Digiteers-Mull,erreur
#1,Digiterio,https://fr.linkedin.com/company/joyom
#1,Digiteyes,https://fr.linkedin.com/company/digiteyes
#2,Dinac,https://www.linkedin.com/company/dinac
#1,Diota,https://fr.linkedin.com/company/diotasoft
#1,Dir Est,https://fr.linkedin.com/company/direction-interdepartementale-des-routes-est
#1,Direction Departementale Territoires,https://fr.linkedin.com/company/direction-departementale-territoires
Direction Generale Du Credit Agricole Des Cotes D'Armor,erreur
#1,Dirigeants Commerciaux De France,https://fr.linkedin.com/company/f%C3%A9d%C3%A9ration-nationale-des-dirigeants-commerciaux-de-france-dcf-
#1,Diruy,https://fr.linkedin.com/company/diruy
#1,Diruy,https://fr.linkedin.com/company/diruy
#1,Dis'Info,https://fr.linkedin.com/company/dis-info
#1,Disneyland Paris,https://fr.linkedin.com/company/disneyland-paris
#1,Distillerie Tessendier,https://fr.linkedin.com/company/distillerie-tessendier-et-fils
Distinctvisionteam,erreur
#1,Distribution De Materiaux Pour Les Travaux Publics - D.m.t.p,https://fr.linkedin.com/company/distribution-de-materiaux-pour-les-travaux-publics---d.m.t.p
#1,Diva Bordeaux,https://www.linkedin.com/company/benoit-&-associ-s
#1,Divertcity - Entreprise Adaptée,https://fr.linkedin.com/company/eadivertcity
#1,Dixi Microtechniques,https://fr.linkedin.com/company/dixi-microtechniques
#1,Dixneuf,https://fr.linkedin.com/company/dixneuf
#1,Djaba,https://fr.linkedin.com/company/nam%C3%A9-consulting
#1,Dls - Diligence Location & Services,https://fr.linkedin.com/company/diligence-location-et-services
#2,Dltify,https://www.linkedin.com/company/cryptaldash
#1,Dna Script,https://fr.linkedin.com/company/dna-script
#2,Dna325,https://fr.linkedin.com/company/dna325
#1,Docapost Applicam,https://fr.linkedin.com/company/docaposte
#1,Docent,https://fr.linkedin.com/company/docente
#1,Docks 40,https://fr.linkedin.com/company/docks40
#2,Dolmen,https://fr.linkedin.com/company/dolmendesign
#1,Domendi,https://fr.linkedin.com/company/domendi
#1,Domicile 90,https://fr.linkedin.com/company/domicile-90
#1,Domplus,https://fr.linkedin.com/company/domplusgroupeprioritealapersonne
#1,Domtom Distripro,https://fr.linkedin.com/company/prossergy
Domtom-Distripro,erreur
Donfluentoutreach,erreur
#1,Doriseng,https://fr.linkedin.com/company/doris-engenharia-ltda
#2,Dornfeld,https://www.linkedin.com/company/opal-advisors-llc
#1,Dotconferences,https://fr.linkedin.com/company/dotconferences
Doublet Sa,erreur
#1,Dourmap,https://fr.linkedin.com/company/dourmap
#1,Dovema - Gsm55,https://www.linkedin.com/company/dovema-gsm55
#2,Dowel,https://fr.linkedin.com/company/dowel-group
#1,Doyonowo,https://www.linkedin.com/company/tyllt
Drassociates-Antilles,erreur
#2,Drdh,https://www.linkedin.com/company/drdh-architects-limited
Dreampress.com/editions Bragelonne,erreur
#1,Drive-Growth,https://fr.linkedin.com/company/xerox
#2,Drl Conseil,https://www.linkedin.com/company/drl-conseil-&-formation
#2,Drone-Future,https://www.linkedin.com/company/drone-future
#1,Drsm Centre,https://fr.linkedin.com/company/service-m%C3%A9dical-centre-val-de-loire
#2,Dtcecommerce,https://fr.linkedin.com/company/passportglobal
#1,Dualis,https://fr.linkedin.com/company/dualis
#1,Dubois Consulting,https://fr.linkedin.com/company/dubois
#1,Dubrac Tp,https://fr.linkedin.com/company/dubrac-t.p.
#1,Dumouchel,https://fr.linkedin.com/company/dumouchel-hpc
#2,Dupont,https://www.linkedin.com/company/dupont
#1,Duval Traiteur,https://www.linkedin.com/company/duval-traiteur
#2,Dvibigdata,https://dk.linkedin.com/company/data-visualization-intelligence-inc
#2,Dynamai,https://fr.linkedin.com/company/dynam-ai
Dynamismconsulting,erreur
#2,Dynastyconsulting,https://www.linkedin.com/company/dynasty1-consulting
#1,E-Commerce Nation,https://www.linkedin.com/company/ecommerce-nation
E-Compeak,erreur
E-Comwave,erreur
#1,E-Leclerc,https://fr.linkedin.com/company/e-leclerc
#1,E-Leclerc,https://fr.linkedin.com/company/e-leclerc
#1,E-Shop Comptoir Des Filles,https://www.linkedin.com/company/agence-les-douze/
E/00a1f845-Ef13-47b8-9d15-5f661bb7911f/inbox/session_d6d161fb-7643-44c0-B072-3a46c009ac46/],erreur
#2,EAG,https://www.linkedin.com/company/eag-laboratories
#2,Easy Park Pl,https://www.linkedin.com/company/easypark
#2,Easyconsult,https://fr.linkedin.com/company/easy-engenharia-e-consultoria
#1,Easycryo,https://fr.linkedin.com/company/sportsessioncommunication
Easyteacherworksheets,erreur
Eatlocalmarketing,erreur
#1,Eau Du Grand Lyon,https://fr.linkedin.com/company/eau-du-grand-lyon
#2,Ebizuniverse,https://fr.linkedin.com/company/ebizuniverse
#2,ECA,https://fr.linkedin.com/company/eca-group
#2,Eca Robotics,https://www.linkedin.com/company/eca-group
Ecaut Ecole De Production,erreur
#1,Ecential Robotics,https://fr.linkedin.com/company/ecential-robotics
#1,Echame,https://fr.linkedin.com/company/echame
#1,Echosens,https://fr.linkedin.com/company/echosens
Echurchgrowth,erreur
#2,Eco-Bridge,https://www.linkedin.com/company/the-bridge-eco-village
#1,Ecolab France,https://www.linkedin.com/company/promattex-dakar
#1,Ecole Centrale De Marseille,https://fr.linkedin.com/company/union-des-associations-de-l-ecole-centrale-de-marseille
#1,Ecole De Condé,https://www.linkedin.com/company/ecoles-de-cond-s
#1,Ecole Nationale Supérieure De Géologie,https://fr.linkedin.com/company/laboratoire-environnement-et-min-ralurgie
#1,Ecole Polytechnique,https://fr.linkedin.com/company/fondation-de-l-ecole-polytechnique
#1,ECOLE POLYTECHNIQUE EXECUTIVE EDUCATION,https://www.linkedin.com/company/galia
#1,Ecole Pratique De Service Social (Epss),https://fr.linkedin.com/company/ecole-pratique-de-service-social-epss-
#1,Ecole Supérieure D'Art Et De Design Marseille Mediterranée,https://fr.linkedin.com/company/ecole-sup%C3%A9rieure-d%E2%80%99art-et-de-design-marseille-mediterran%C3%A9e
Ecomcfos,erreur
Ecomdigitall,erreur
Ecomemailstudio,erreur
Ecominflux,erreur
Ecommailsharks,erreur
Ecommercemailagents,erreur
Ecommgrowthgroup,erreur
#1,Economat Des Armées,https://fr.linkedin.com/company/economat-des-arm-es
Economie Mixte Amenagem Gestion Nanter,erreur
#1,Ecosun,https://fr.linkedin.com/company/ecosun-innovations
#1,Ecosys,https://fr.linkedin.com/company/ecosys-group
#1,Ecotri,https://fr.linkedin.com/company/ecotri-de-moselle-est
Ecovolution Initiatives,erreur
#1,Ecpat France,https://fr.linkedin.com/company/anothervision-production
#1,Ecureuil Vie Developpement,https://fr.linkedin.com/company/ecureuil-vie-d%C3%A9veloppement
Ed-Onlinemarketing,erreur
#1,Edeis,https://www.linkedin.com/company/edeis
#1,Eden-Park,https://fr.linkedin.com/company/eden-park
#1,Edf Renouvelables,https://fr.linkedin.com/company/edf-renouvelables
#1,Edgar Avocats,https://www.linkedin.com/company/edgar-avocats
#2,Ediciones Conde Nast Sa,https://nl.linkedin.com/company/ediciones-conde-nast-sa
#1,Edifi,https://fr.linkedin.com/company/edifi
#1,Edilians,https://fr.linkedin.com/company/edilians
#1,Edinstitut,https://fr.linkedin.com/company/edinstitut
#1,Edinstitut,https://fr.linkedin.com/company/edinstitut
#1,Editions Du Boisbaudry,https://fr.linkedin.com/company/editions-du-boisbaudry
#2,Edmond De Rothschild Asset Management,https://www.linkedin.com/company/edmond-de-rothschild
#1,Edostar Group,https://fr.linkedin.com/company/edostar-group
#1,Edpnet,https://fr.linkedin.com/company/edpnet
Eduardklein,erreur
#1,Effbe-Gamma Sas,https://fr.linkedin.com/company/effbe-gamma-sas
Effishare,erreur
#1,Effisoft-Group,https://fr.linkedin.com/company/effisoft
#2,Eg + Worldwide,https://fr.linkedin.com/company/eg-worldwide
#1,Eg Labo,https://fr.linkedin.com/company/eg-labo
#1,Egbi Perrin,https://fr.linkedin.com/company/egbi-perrin
Egger Panneaux Et Decors,erreur
#1,Egide Group,https://fr.linkedin.com/company/egide
Egypavocats,erreur
#1,Ehpad Isac De Rohan,https://fr.linkedin.com/company/ehpad-saint-joseph
#1,Ehpad La Médiévale Argentée,https://fr.linkedin.com/company/societe-francaise-d%27equitherapie
#1,Ei Groupe,https://fr.linkedin.com/company/ei-groupe
Eichoumarketing,erreur
#1,Eiffage Immobilier,https://www.linkedin.com/company/eiffage-immobilier
#1,Eighty-Eight,https://fr.linkedin.com/company/eightyeight
#2,Eitan Group,https://cz.linkedin.com/company/eitan-group
#1,Eiver Corp,https://fr.linkedin.com/company/eivercorp
#1,Ekino,https://fr.linkedin.com/company/ekino
#1,Élan Créateur,https://fr.linkedin.com/company/%C3%A9lan-cr%C3%A9ateur
Elastopôle - Pôle De Compétitivité,erreur
#2,Elaut Group,https://www.linkedin.com/company/elaut-group
#1,Electricité Générale Appliquée,https://fr.linkedin.com/company/e.g.a.-electricite-generale-appliquee-
#1,Electrification Industrielle De L'Est,https://fr.linkedin.com/company/electrification-industrielle-de-l%27est
#2,Elekto Industrie - Electronique Industrielle,https://www.linkedin.com/company/elekto-industrie-electronique-industrielle
#1,Elektra Ev,https://fr.linkedin.com/company/elektra-ev
#1,Elephant At Work,https://fr.linkedin.com/company/elephantgroupe
#1,Elephant Technologies,https://fr.linkedin.com/company/elephant-technologies
#2,Elevate Leadership,https://www.linkedin.com/company/elevate-leaders
Elfine Bio,erreur
#2,Elioca,https://be.linkedin.com/company/audioptic-trade-services
#1,ELITYS CONSULTING,https://fr.linkedin.com/company/elitys
Ellers By Aege Groupe,erreur
#1,Ellipse Projects Sas,https://fr.linkedin.com/company/ellipseprojects
#2,Ellipsis Am (Exane Group),https://www.linkedin.com/company/exane
#2,Elmatica As,https://www.linkedin.com/company/elmatica-as
#2,Elo Touch Solutions,https://fr.linkedin.com/company/elotouch
#1,Elodea Ecosystem,https://fr.linkedin.com/company/elodea-ecosystem
Elvtmarketingsolutions,erreur
#1,Elvup,https://fr.linkedin.com/company/hstories
#1,Elysèes Consultants,https://fr.linkedin.com/company/elys-es-consulting
#1,Elys�es Marbeuf,https://fr.linkedin.com/company/ecole-internationale-d%E2%80%99esthetique-elysees-marbeuf-e.i.e.e.m
#1,Emagine France,https://fr.linkedin.com/company/emagine-consulting-france
Email4com,erreur
Emailaloe,erreur
Emaildragons,erreur
#1,EMC,https://fr.linkedin.com/company/emc-france
#1,Emc!,https://fr.linkedin.com/company/emc-france
#1,Emc!,https://fr.linkedin.com/company/emc-france
Emergences Co- Emergences Sante Conseil,erreur
Emi (Entraide Médicale Internationale),erreur
#1,Emilfrey,https://fr.linkedin.com/company/emil-frey-france
Emouna Diamonds,erreur
Emtslab,erreur
#1,En Recherche Active,https://fr.linkedin.com/company/en-recherche-active
#1,En Recherche D'Emploi,https://fr.linkedin.com/company/en-recherche-d-emploi
#2,En-Vo,https://es.linkedin.com/company/vo-europe
#1,Enaxion,https://fr.linkedin.com/company/enaxion
Enc Group Ecoles Nantaises De Commerce - Enacom - Ensec - Encia Cfp Enc- Nantes,erreur
